id_arbol;altura_tot;diametro;inclinacion;id_especie;nombre_comun;nombre_cientifico;tipo_follaje;espacio_verde;ubicacion;nombre_familia;nombre_gen;origen;coord_x;coord_y;lat;lon
1910;8;17;0;369;Lapacho;Tabebuia sp.;No Determinado;RIVADAVIA;RIVADAVIA, AV. - DOBLAS - ROSARIO - BEAUCHEF;Bignoniáceas;Tabebuia;No Determinado;102828;101172;-34.6187;-58.4325
1911;6;13;10;369;Lapacho;Tabebuia sp.;No Determinado;RIVADAVIA;RIVADAVIA, AV. - DOBLAS - ROSARIO - BEAUCHEF;Bignoniáceas;Tabebuia;No Determinado;102805;101362;-34.617;-58.4327
1912;7;21;0;369;Lapacho;Tabebuia sp.;No Determinado;RIVADAVIA;RIVADAVIA, AV. - DOBLAS - ROSARIO - BEAUCHEF;Bignoniáceas;Tabebuia;No Determinado;102815;101375;-34.6169;-58.4326
1913;8;23;0;369;Lapacho;Tabebuia sp.;No Determinado;RIVADAVIA;RIVADAVIA, AV. - DOBLAS - ROSARIO - BEAUCHEF;Bignoniáceas;Tabebuia;No Determinado;102591;101268;-34.6178;-58.435
1914;7;22;20;369;Lapacho;Tabebuia sp.;No Determinado;RIVADAVIA;RIVADAVIA, AV. - DOBLAS - ROSARIO - BEAUCHEF;Bignoniáceas;Tabebuia;No Determinado;102593;101274;-34.6178;-58.435
1915;7;19;0;369;Lapacho;Tabebuia sp.;No Determinado;RIVADAVIA;RIVADAVIA, AV. - DOBLAS - ROSARIO - BEAUCHEF;Bignoniáceas;Tabebuia;No Determinado;102605;101281;-34.6177;-58.4349
1916;1;80;6;999;No Determinable;No Determinable;No Determinado;RIVADAVIA;RIVADAVIA, AV. - DOBLAS - ROSARIO - BEAUCHEF;No identificada;No identificado;No Determinado;102773;101181;-34.6186;-58.4331
1917;1;50;8;999;No Determinable;No Determinable;No Determinado;RIVADAVIA;RIVADAVIA, AV. - DOBLAS - ROSARIO - BEAUCHEF;No identificada;No identificado;No Determinado;102759;101220;-34.6183;-58.4332
1918;20;85;0;342;Ciprés;Cupressus sp.;Árbol Conífero Perenne;RIVADAVIA;RIVADAVIA, AV. - DOBLAS - ROSARIO - BEAUCHEF;Cupresáceas;Cupressus;Exótico;102735;101258;-34.6179;-58.4335
1919;20;32;0;342;Ciprés;Cupressus sp.;Árbol Conífero Perenne;RIVADAVIA;RIVADAVIA, AV. - DOBLAS - ROSARIO - BEAUCHEF;Cupresáceas;Cupressus;Exótico;102736;101264;-34.6179;-58.4335
1920;7;26;0;304;Juniperus;Juniperus sp.;Árbol Conífero Perenne;RIVADAVIA;RIVADAVIA, AV. - DOBLAS - ROSARIO - BEAUCHEF;Cupresáceas;Juniperus;Exótico;102732;101284;-34.6177;-58.4335
1921;4;15;0;380;Cotoneaster;Cotoneaster sp.;No Determinado;RIVADAVIA;RIVADAVIA, AV. - DOBLAS - ROSARIO - BEAUCHEF;Rosáceas;Cotoneaster;No Determinado;102728;101291;-34.6176;-58.4336
1922;1;63;6;999;No Determinable;No Determinable;No Determinado;RIVADAVIA;RIVADAVIA, AV. - DOBLAS - ROSARIO - BEAUCHEF;No identificada;No identificado;No Determinado;102829;101317;-34.6174;-58.4324
1923;5;17;12;333;Arce;Acer sp.;No Determinado;RIVADAVIA;RIVADAVIA, AV. - DOBLAS - ROSARIO - BEAUCHEF;Aceráceas;Acer;Exótico;102811;101168;-34.6187;-58.4326
2177;2;20;0;79;Magnolia;Magnolia grandiflora;Árbol Latifoliado Perenne;RIVADAVIA;RIVADAVIA, AV. - DOBLAS - ROSARIO - BEAUCHEF;Magnoliáceas;Magnolia;Exótico;102659;101192;-34.6185;-58.4343
2178;17;58;1;9;Ligustro;Ligustrum lucidum;Árbol Latifoliado Perenne;RIVADAVIA;RIVADAVIA, AV. - DOBLAS - ROSARIO - BEAUCHEF;Oleáceas;Ligustrum;Exótico;102719;101214;-34.6183;-58.4337
2661;7;125;0;204;Palmera del senegal;Phoenix reclinata;Palmera;RIVADAVIA;RIVADAVIA, AV. - DOBLAS - ROSARIO - BEAUCHEF;Arecaceas;Phoenix;Exótico;102791;101253;-34.618;-58.4329
2593;17;94;0;9;Ligustro;Ligustrum lucidum;Árbol Latifoliado Perenne;RIVADAVIA;RIVADAVIA, AV. - DOBLAS - ROSARIO - BEAUCHEF;Oleáceas;Ligustrum;Exótico;102784;101361;-34.617;-58.4329
2592;4;30;0;380;Cotoneaster;Cotoneaster sp.;No Determinado;RIVADAVIA;RIVADAVIA, AV. - DOBLAS - ROSARIO - BEAUCHEF;Rosáceas;Cotoneaster;No Determinado;102792;101347;-34.6171;-58.4329
2594;6;7;0;79;Magnolia;Magnolia grandiflora;Árbol Latifoliado Perenne;RIVADAVIA;RIVADAVIA, AV. - DOBLAS - ROSARIO - BEAUCHEF;Magnoliáceas;Magnolia;Exótico;102807;101230;-34.6182;-58.4327
2595;12;50;0;79;Magnolia;Magnolia grandiflora;Árbol Latifoliado Perenne;RIVADAVIA;RIVADAVIA, AV. - DOBLAS - ROSARIO - BEAUCHEF;Magnoliáceas;Magnolia;Exótico;102811;101232;-34.6182;-58.4327
2596;11;32;30;43;Pata de vaca  (Pezuña de vaca);Bauhinia forticata;Árbol Latifoliado Caducifolio;RIVADAVIA;RIVADAVIA, AV. - DOBLAS - ROSARIO - BEAUCHEF;Leguminosas;Bauhinia;Nativo/Autóctono;102815;101222;-34.6183;-58.4326
2597;11;27;25;43;Pata de vaca  (Pezuña de vaca);Bauhinia forticata;Árbol Latifoliado Caducifolio;RIVADAVIA;RIVADAVIA, AV. - DOBLAS - ROSARIO - BEAUCHEF;Leguminosas;Bauhinia;Nativo/Autóctono;102815;101220;-34.6183;-58.4326
2598;22;100;0;75;Palo borracho blanco;Ceiba chodatti;Árbol Latifoliado Caducifolio;RIVADAVIA;RIVADAVIA, AV. - DOBLAS - ROSARIO - BEAUCHEF;Bombacáceas;Ceiba;Nativo/Autóctono;102822;101212;-34.6183;-58.4325
2599;3;5;0;17;Árbol del cielo (Ailanto o Árbol de los dioses);Ailanthus altissima;Árbol Latifoliado Caducifolio;RIVADAVIA;RIVADAVIA, AV. - DOBLAS - ROSARIO - BEAUCHEF;Simarrubáceas;Ailanthus;Exótico;102633;101154;-34.6189;-58.4346
2600;4;15;0;23;Palto;Persea americana;Árbol Latifoliado Perenne;RIVADAVIA;RIVADAVIA, AV. - DOBLAS - ROSARIO - BEAUCHEF;Lauráceas;Persea;Exótico;102881;101227;-34.6182;-58.4319
2601;10;20;0;15;Álamo carolina;Populus deltoides;Árbol Latifoliado Caducifolio;RIVADAVIA;RIVADAVIA, AV. - DOBLAS - ROSARIO - BEAUCHEF;Salicáceas;Populus;Exótico;102885;101231;-34.6182;-58.4318
2602;3;14;0;349;Hibiscus;Hibiscus  sp.;No Determinado;RIVADAVIA;RIVADAVIA, AV. - DOBLAS - ROSARIO - BEAUCHEF;Malvácea;Hibiscus;No Determinado;102813;101334;-34.6172;-58.4326
2603;17;75;0;34;Olmo europeo;Ulmus procera;Árbol Latifoliado Caducifolio;RIVADAVIA;RIVADAVIA, AV. - DOBLAS - ROSARIO - BEAUCHEF;Ulmaceas;Ulmus;Exótico;102813;101354;-34.6171;-58.4326
2604;10;40;0;9;Ligustro;Ligustrum lucidum;Árbol Latifoliado Perenne;RIVADAVIA;RIVADAVIA, AV. - DOBLAS - ROSARIO - BEAUCHEF;Oleáceas;Ligustrum;Exótico;102817;101362;-34.617;-58.4326
2605;10;10;0;9;Ligustro;Ligustrum lucidum;Árbol Latifoliado Perenne;RIVADAVIA;RIVADAVIA, AV. - DOBLAS - ROSARIO - BEAUCHEF;Oleáceas;Ligustrum;Exótico;102823;101371;-34.6169;-58.4325
2606;18;65;15;190;Cedro blanco de California;Libocedrus decurrens for.aureo-variegata;Árbol Latifoliado Perenne;RIVADAVIA;RIVADAVIA, AV. - DOBLAS - ROSARIO - BEAUCHEF;Cupresáceas;Libocedrus;Exótico;102836;101341;-34.6172;-58.4324
2607;15;36;25;9;Ligustro;Ligustrum lucidum;Árbol Latifoliado Perenne;RIVADAVIA;RIVADAVIA, AV. - DOBLAS - ROSARIO - BEAUCHEF;Oleáceas;Ligustrum;Exótico;102698;101295;-34.6176;-58.4339
2657;7;92;20;65;Ombú;Phytolacca dioica;Árbol Latifoliado Caducifolio;RIVADAVIA;RIVADAVIA, AV. - DOBLAS - ROSARIO - BEAUCHEF;Fitolacáceas;Phytolacca;Nativo/Autóctono;102787;101234;-34.6181;-58.4329
2658;11;52;10;25;Palo borracho rosado;Ceiba speciosa;Árbol Latifoliado Caducifolio;RIVADAVIA;RIVADAVIA, AV. - DOBLAS - ROSARIO - BEAUCHEF;Bombacáceas;Ceiba;Nativo/Autóctono;102792;101237;-34.6181;-58.4329
2659;3;6;0;79;Magnolia;Magnolia grandiflora;Árbol Latifoliado Perenne;RIVADAVIA;RIVADAVIA, AV. - DOBLAS - ROSARIO - BEAUCHEF;Magnoliáceas;Magnolia;Exótico;102805;101233;-34.6181;-58.4327
2660;16;40;5;4;Tilo;Tilia viridis subsp. x moltkei;Árbol Latifoliado Caducifolio;RIVADAVIA;RIVADAVIA, AV. - DOBLAS - ROSARIO - BEAUCHEF;Tiliaceas;Tilia;Exótico;102798;101249;-34.618;-58.4328
2662;14;39;5;77;Ciprés;Cupressus sempervirens;Árbol Conífero Perenne;RIVADAVIA;RIVADAVIA, AV. - DOBLAS - ROSARIO - BEAUCHEF;Cupresáceas;Cupressus;Exótico;102783;101247;-34.618;-58.433
2663;1;20;0;77;Ciprés;Cupressus sempervirens;Árbol Conífero Perenne;RIVADAVIA;RIVADAVIA, AV. - DOBLAS - ROSARIO - BEAUCHEF;Cupresáceas;Cupressus;Exótico;102769;101242;-34.6181;-58.4331
2664;13;37;21;77;Ciprés;Cupressus sempervirens;Árbol Conífero Perenne;RIVADAVIA;RIVADAVIA, AV. - DOBLAS - ROSARIO - BEAUCHEF;Cupresáceas;Cupressus;Exótico;102763;101240;-34.6181;-58.4332
2697;2;11;0;6;Ficus;Ficus benjamina;Árbol Latifoliado Perenne;RIVADAVIA;RIVADAVIA, AV. - DOBLAS - ROSARIO - BEAUCHEF;Moráceas;Ficus;Exótico;102884;101254;-34.618;-58.4319
11866;5;11;0;73;Bunya-bunya (Araucaria de Bidwill);Araucaria bidwillii;Árbol Conífero Perenne;RIVADAVIA;RIVADAVIA, AV. - DOBLAS - ROSARIO - BEAUCHEF;Araucariaceas;Araucaria;Exótico;102860;101192;-34.6185;-58.4321
11867;5;9;0;79;Magnolia;Magnolia grandiflora;Árbol Latifoliado Perenne;RIVADAVIA;RIVADAVIA, AV. - DOBLAS - ROSARIO - BEAUCHEF;Magnoliáceas;Magnolia;Exótico;102843;101243;-34.6181;-58.4323
11868;7;12;5;79;Magnolia;Magnolia grandiflora;Árbol Latifoliado Perenne;RIVADAVIA;RIVADAVIA, AV. - DOBLAS - ROSARIO - BEAUCHEF;Magnoliáceas;Magnolia;Exótico;102863;101264;-34.6179;-58.4321
11869;21;52;6;65;Ombú;Phytolacca dioica;Árbol Latifoliado Caducifolio;RIVADAVIA;RIVADAVIA, AV. - DOBLAS - ROSARIO - BEAUCHEF;Fitolacáceas;Phytolacca;Nativo/Autóctono;102859;101288;-34.6177;-58.4321
11870;22;58;0;65;Ombú;Phytolacca dioica;Árbol Latifoliado Caducifolio;RIVADAVIA;RIVADAVIA, AV. - DOBLAS - ROSARIO - BEAUCHEF;Fitolacáceas;Phytolacca;Nativo/Autóctono;102852;101290;-34.6176;-58.4322
11871;4;50;0;55;Fenix;Phoenix canariensis;Palmera;RIVADAVIA;RIVADAVIA, AV. - DOBLAS - ROSARIO - BEAUCHEF;Arecaceas;Phoenix;Exótico;102848;101388;-34.6168;-58.4323
11872;12;13;0;24;Liquidambar;Liquidambar  styraciflua;Árbol Latifoliado Caducifolio;RIVADAVIA;RIVADAVIA, AV. - DOBLAS - ROSARIO - BEAUCHEF;Hamamelidáceas;Liquidámbar;Exótico;102672;101241;-34.6181;-58.4342
11873;1;16;0;6;Ficus;Ficus benjamina;Árbol Latifoliado Perenne;RIVADAVIA;RIVADAVIA, AV. - DOBLAS - ROSARIO - BEAUCHEF;Moráceas;Ficus;Exótico;102666;101250;-34.618;-58.4342
11874;15;77;0;9;Ligustro;Ligustrum lucidum;Árbol Latifoliado Perenne;RIVADAVIA;RIVADAVIA, AV. - DOBLAS - ROSARIO - BEAUCHEF;Oleáceas;Ligustrum;Exótico;102681;101243;-34.6181;-58.4341
11875;20;37;40;81;Celtis tala;Celtis ehrembergiana;Árbol Latifoliado Caducifolio;RIVADAVIA;RIVADAVIA, AV. - DOBLAS - ROSARIO - BEAUCHEF;Ulmaceas;Celtis;Nativo/Autóctono;102691;101244;-34.618;-58.434
11876;7;8;6;79;Magnolia;Magnolia grandiflora;Árbol Latifoliado Perenne;RIVADAVIA;RIVADAVIA, AV. - DOBLAS - ROSARIO - BEAUCHEF;Magnoliáceas;Magnolia;Exótico;102840;101247;-34.618;-58.4323
11877;7;10;0;79;Magnolia;Magnolia grandiflora;Árbol Latifoliado Perenne;RIVADAVIA;RIVADAVIA, AV. - DOBLAS - ROSARIO - BEAUCHEF;Magnoliáceas;Magnolia;Exótico;102844;101249;-34.618;-58.4323
11878;14;38;6;4;Tilo;Tilia viridis subsp. x moltkei;Árbol Latifoliado Caducifolio;RIVADAVIA;RIVADAVIA, AV. - DOBLAS - ROSARIO - BEAUCHEF;Tiliaceas;Tilia;Exótico;102805;101247;-34.618;-58.4327
11879;4;20;8;18;Gomero;Ficus elastica;Árbol Latifoliado Perenne;RIVADAVIA;RIVADAVIA, AV. - DOBLAS - ROSARIO - BEAUCHEF;Moráceas;Ficus;Exótico;102860;101373;-34.6169;-58.4321
11880;30;69;14;72;Pino del Paraná (Pino de Misiones o Pino de Brasil);Araucaria angustifolia;Árbol Conífero Perenne;RIVADAVIA;RIVADAVIA, AV. - DOBLAS - ROSARIO - BEAUCHEF;Araucariaceas;Araucaria;Nativo/Autóctono;102848;101313;-34.6174;-58.4322
11881;5;9;10;79;Magnolia;Magnolia grandiflora;Árbol Latifoliado Perenne;RIVADAVIA;RIVADAVIA, AV. - DOBLAS - ROSARIO - BEAUCHEF;Magnoliáceas;Magnolia;Exótico;102871;101265;-34.6179;-58.432
11882;16;82;15;9;Ligustro;Ligustrum lucidum;Árbol Latifoliado Perenne;RIVADAVIA;RIVADAVIA, AV. - DOBLAS - ROSARIO - BEAUCHEF;Oleáceas;Ligustrum;Exótico;102868;101250;-34.618;-58.432
11891;17;38;12;77;Ciprés;Cupressus sempervirens;Árbol Conífero Perenne;RIVADAVIA;RIVADAVIA, AV. - DOBLAS - ROSARIO - BEAUCHEF;Cupresáceas;Cupressus;Exótico;102638;101297;-34.6176;-58.4345
11892;12;90;0;34;Olmo europeo;Ulmus procera;Árbol Latifoliado Caducifolio;RIVADAVIA;RIVADAVIA, AV. - DOBLAS - ROSARIO - BEAUCHEF;Ulmaceas;Ulmus;Exótico;102639;101181;-34.6186;-58.4345
11893;7;36;7;77;Ciprés;Cupressus sempervirens;Árbol Conífero Perenne;RIVADAVIA;RIVADAVIA, AV. - DOBLAS - ROSARIO - BEAUCHEF;Cupresáceas;Cupressus;Exótico;102773;101255;-34.618;-58.4331
11894;9;18;16;11;Jacarandá;Jacarandá mimosifolia;Árbol Latifoliado Caducifolio;RIVADAVIA;RIVADAVIA, AV. - DOBLAS - ROSARIO - BEAUCHEF;Bignoniáceas;Jacarandá;Nativo/Autóctono;102775;101259;-34.6179;-58.433
11895;6;12;25;11;Jacarandá;Jacarandá mimosifolia;Árbol Latifoliado Caducifolio;RIVADAVIA;RIVADAVIA, AV. - DOBLAS - ROSARIO - BEAUCHEF;Bignoniáceas;Jacarandá;Nativo/Autóctono;102764;101272;-34.6178;-58.4332
11896;7;16;12;31;Ceibo;Erythrina crista-galli;Árbol Latifoliado Caducifolio;RIVADAVIA;RIVADAVIA, AV. - DOBLAS - ROSARIO - BEAUCHEF;Leguminosas;Erythrina;Nativo/Autóctono;102749;101162;-34.6188;-58.4333
11897;16;40;0;9;Ligustro;Ligustrum lucidum;Árbol Latifoliado Perenne;RIVADAVIA;RIVADAVIA, AV. - DOBLAS - ROSARIO - BEAUCHEF;Oleáceas;Ligustrum;Exótico;102641;101267;-34.6178;-58.4345
11898;16;45;0;9;Ligustro;Ligustrum lucidum;Árbol Latifoliado Perenne;RIVADAVIA;RIVADAVIA, AV. - DOBLAS - ROSARIO - BEAUCHEF;Oleáceas;Ligustrum;Exótico;102641;101268;-34.6178;-58.4345
11899;21;57;0;45;Casuarina;Casuarina cunninghamiana;Árbol Latifoliado Perenne;RIVADAVIA;RIVADAVIA, AV. - DOBLAS - ROSARIO - BEAUCHEF;Casuarinaceas;Casuarina;Exótico;102655;101281;-34.6177;-58.4343
11900;13;60;0;45;Casuarina;Casuarina cunninghamiana;Árbol Latifoliado Perenne;RIVADAVIA;RIVADAVIA, AV. - DOBLAS - ROSARIO - BEAUCHEF;Casuarinaceas;Casuarina;Exótico;102658;101291;-34.6176;-58.4343
11901;5;23;4;79;Magnolia;Magnolia grandiflora;Árbol Latifoliado Perenne;RIVADAVIA;RIVADAVIA, AV. - DOBLAS - ROSARIO - BEAUCHEF;Magnoliáceas;Magnolia;Exótico;102735;101213;-34.6183;-58.4335
11902;15;62;3;1;Fresno americano;Fraxinus pennsylvanica;Árbol Latifoliado Caducifolio;RIVADAVIA;RIVADAVIA, AV. - DOBLAS - ROSARIO - BEAUCHEF;Oleáceas;Fraxinus;Exótico;102727;101239;-34.6181;-58.4336
11903;4;7;0;79;Magnolia;Magnolia grandiflora;Árbol Latifoliado Perenne;RIVADAVIA;RIVADAVIA, AV. - DOBLAS - ROSARIO - BEAUCHEF;Magnoliáceas;Magnolia;Exótico;102769;101219;-34.6183;-58.4331
11904;12;78;0;79;Magnolia;Magnolia grandiflora;Árbol Latifoliado Perenne;RIVADAVIA;RIVADAVIA, AV. - DOBLAS - ROSARIO - BEAUCHEF;Magnoliáceas;Magnolia;Exótico;102786;101224;-34.6182;-58.4329
11905;20;33;4;359;Pino;Pinus sp.;No Determinado;RIVADAVIA;RIVADAVIA, AV. - DOBLAS - ROSARIO - BEAUCHEF;Pináceas;Pinus;Exótico;102873;101295;-34.6176;-58.432
11906;13;19;0;14;Álamo plateado;Populus alba;Árbol Latifoliado Caducifolio;RIVADAVIA;RIVADAVIA, AV. - DOBLAS - ROSARIO - BEAUCHEF;Salicáceas;Populus;Exótico;102665;101168;-34.6187;-58.4342
11907;15;40;0;14;Álamo plateado;Populus alba;Árbol Latifoliado Caducifolio;RIVADAVIA;RIVADAVIA, AV. - DOBLAS - ROSARIO - BEAUCHEF;Salicáceas;Populus;Exótico;102650;101178;-34.6186;-58.4344
11908;5;8;0;79;Magnolia;Magnolia grandiflora;Árbol Latifoliado Perenne;RIVADAVIA;RIVADAVIA, AV. - DOBLAS - ROSARIO - BEAUCHEF;Magnoliáceas;Magnolia;Exótico;102657;101186;-34.6186;-58.4343
11909;5;12;0;79;Magnolia;Magnolia grandiflora;Árbol Latifoliado Perenne;RIVADAVIA;RIVADAVIA, AV. - DOBLAS - ROSARIO - BEAUCHEF;Magnoliáceas;Magnolia;Exótico;102661;101188;-34.6186;-58.4343
11910;9;15;0;79;Magnolia;Magnolia grandiflora;Árbol Latifoliado Perenne;RIVADAVIA;RIVADAVIA, AV. - DOBLAS - ROSARIO - BEAUCHEF;Magnoliáceas;Magnolia;Exótico;102680;101193;-34.6185;-58.4341
11911;6;16;0;79;Magnolia;Magnolia grandiflora;Árbol Latifoliado Perenne;RIVADAVIA;RIVADAVIA, AV. - DOBLAS - ROSARIO - BEAUCHEF;Magnoliáceas;Magnolia;Exótico;102694;101197;-34.6185;-58.4339
11912;19;20;0;212;Álamo de Italia;Populus nigra cv. italica;Árbol Latifoliado Caducifolio;RIVADAVIA;RIVADAVIA, AV. - DOBLAS - ROSARIO - BEAUCHEF;Salicáceas;Populus;Exótico;102702;101181;-34.6186;-58.4338
11913;19;20;0;212;Álamo de Italia;Populus nigra cv. italica;Árbol Latifoliado Caducifolio;RIVADAVIA;RIVADAVIA, AV. - DOBLAS - ROSARIO - BEAUCHEF;Salicáceas;Populus;Exótico;102705;101180;-34.6186;-58.4338
11914;18;20;0;212;Álamo de Italia;Populus nigra cv. italica;Árbol Latifoliado Caducifolio;RIVADAVIA;RIVADAVIA, AV. - DOBLAS - ROSARIO - BEAUCHEF;Salicáceas;Populus;Exótico;102702;101178;-34.6186;-58.4338
11915;18;4;0;9;Ligustro;Ligustrum lucidum;Árbol Latifoliado Perenne;RIVADAVIA;RIVADAVIA, AV. - DOBLAS - ROSARIO - BEAUCHEF;Oleáceas;Ligustrum;Exótico;102681;101173;-34.6187;-58.4341
11916;6;22;20;65;Ombú;Phytolacca dioica;Árbol Latifoliado Caducifolio;RIVADAVIA;RIVADAVIA, AV. - DOBLAS - ROSARIO - BEAUCHEF;Fitolacáceas;Phytolacca;Nativo/Autóctono;102683;101285;-34.6177;-58.434
11917;13;480;18;65;Ombú;Phytolacca dioica;Árbol Latifoliado Caducifolio;RIVADAVIA;RIVADAVIA, AV. - DOBLAS - ROSARIO - BEAUCHEF;Fitolacáceas;Phytolacca;Nativo/Autóctono;102678;101295;-34.6176;-58.4341
11918;9;25;15;81;Celtis tala;Celtis ehrembergiana;Árbol Latifoliado Caducifolio;RIVADAVIA;RIVADAVIA, AV. - DOBLAS - ROSARIO - BEAUCHEF;Ulmaceas;Celtis;Nativo/Autóctono;102661;101159;-34.6188;-58.4343
11919;21;50;15;79;Magnolia;Magnolia grandiflora;Árbol Latifoliado Perenne;RIVADAVIA;RIVADAVIA, AV. - DOBLAS - ROSARIO - BEAUCHEF;Magnoliáceas;Magnolia;Exótico;102722;101272;-34.6178;-58.4336
11920;20;70;0;9;Ligustro;Ligustrum lucidum;Árbol Latifoliado Perenne;RIVADAVIA;RIVADAVIA, AV. - DOBLAS - ROSARIO - BEAUCHEF;Oleáceas;Ligustrum;Exótico;102738;101200;-34.6184;-58.4334
11921;5;15;0;79;Magnolia;Magnolia grandiflora;Árbol Latifoliado Perenne;RIVADAVIA;RIVADAVIA, AV. - DOBLAS - ROSARIO - BEAUCHEF;Magnoliáceas;Magnolia;Exótico;102740;101210;-34.6184;-58.4334
11922;18;88;0;33;Morera blanca;Morus alba;Árbol Latifoliado Caducifolio;RIVADAVIA;RIVADAVIA, AV. - DOBLAS - ROSARIO - BEAUCHEF;Moráceas;Morus;Exótico;102766;101205;-34.6184;-58.4331
11923;18;95;10;9;Ligustro;Ligustrum lucidum;Árbol Latifoliado Perenne;RIVADAVIA;RIVADAVIA, AV. - DOBLAS - ROSARIO - BEAUCHEF;Oleáceas;Ligustrum;Exótico;102750;101206;-34.6184;-58.4333
11924;8;13;10;43;Pata de vaca  (Pezuña de vaca);Bauhinia forticata;Árbol Latifoliado Caducifolio;RIVADAVIA;RIVADAVIA, AV. - DOBLAS - ROSARIO - BEAUCHEF;Leguminosas;Bauhinia;Nativo/Autóctono;102602;101272;-34.6178;-58.4349
11925;24;41;0;45;Casuarina;Casuarina cunninghamiana;Árbol Latifoliado Perenne;RIVADAVIA;RIVADAVIA, AV. - DOBLAS - ROSARIO - BEAUCHEF;Casuarinaceas;Casuarina;Exótico;102859;101332;-34.6173;-58.4321
11926;17;62;21;9;Ligustro;Ligustrum lucidum;Árbol Latifoliado Perenne;RIVADAVIA;RIVADAVIA, AV. - DOBLAS - ROSARIO - BEAUCHEF;Oleáceas;Ligustrum;Exótico;102862;101340;-34.6172;-58.4321
12846;15;28;0;14;Álamo plateado;Populus alba;Árbol Latifoliado Caducifolio;RIVADAVIA;RIVADAVIA, AV. - DOBLAS - ROSARIO - BEAUCHEF;Salicáceas;Populus;Exótico;102623;101246;-34.618;-58.4347
12847;28;140;0;2;Plátano;Platanus x acerifolia;Árbol Latifoliado Caducifolio;RIVADAVIA;RIVADAVIA, AV. - DOBLAS - ROSARIO - BEAUCHEF;Platanaceae;Platanus;Exótico;102640;101262;-34.6179;-58.4345
12848;7;10;0;24;Liquidambar;Liquidambar  styraciflua;Árbol Latifoliado Caducifolio;RIVADAVIA;RIVADAVIA, AV. - DOBLAS - ROSARIO - BEAUCHEF;Hamamelidáceas;Liquidámbar;Exótico;102648;101244;-34.6181;-58.4344
12849;11;40;0;9;Ligustro;Ligustrum lucidum;Árbol Latifoliado Perenne;RIVADAVIA;RIVADAVIA, AV. - DOBLAS - ROSARIO - BEAUCHEF;Oleáceas;Ligustrum;Exótico;102649;101242;-34.6181;-58.4344
12850;14;50;0;9;Ligustro;Ligustrum lucidum;Árbol Latifoliado Perenne;RIVADAVIA;RIVADAVIA, AV. - DOBLAS - ROSARIO - BEAUCHEF;Oleáceas;Ligustrum;Exótico;102657;101246;-34.618;-58.4343
12851;7;9;0;72;Pino del Paraná (Pino de Misiones o Pino de Brasil);Araucaria angustifolia;Árbol Conífero Perenne;RIVADAVIA;RIVADAVIA, AV. - DOBLAS - ROSARIO - BEAUCHEF;Araucariaceas;Araucaria;Nativo/Autóctono;102766;101222;-34.6183;-58.4331
12852;12;62;6;25;Palo borracho rosado;Ceiba speciosa;Árbol Latifoliado Caducifolio;RIVADAVIA;RIVADAVIA, AV. - DOBLAS - ROSARIO - BEAUCHEF;Bombacáceas;Ceiba;Nativo/Autóctono;102777;101230;-34.6182;-58.433
12853;6;12;0;79;Magnolia;Magnolia grandiflora;Árbol Latifoliado Perenne;RIVADAVIA;RIVADAVIA, AV. - DOBLAS - ROSARIO - BEAUCHEF;Magnoliáceas;Magnolia;Exótico;102789;101229;-34.6182;-58.4329
12859;2;4;0;79;Magnolia;Magnolia grandiflora;Árbol Latifoliado Perenne;RIVADAVIA;RIVADAVIA, AV. - DOBLAS - ROSARIO - BEAUCHEF;Magnoliáceas;Magnolia;Exótico;102680;101198;-34.6185;-58.4341
12860;9;11;0;79;Magnolia;Magnolia grandiflora;Árbol Latifoliado Perenne;RIVADAVIA;RIVADAVIA, AV. - DOBLAS - ROSARIO - BEAUCHEF;Magnoliáceas;Magnolia;Exótico;102696;101203;-34.6184;-58.4339
12861;4;7;0;79;Magnolia;Magnolia grandiflora;Árbol Latifoliado Perenne;RIVADAVIA;RIVADAVIA, AV. - DOBLAS - ROSARIO - BEAUCHEF;Magnoliáceas;Magnolia;Exótico;102719;101209;-34.6184;-58.4337
12862;3;12;0;79;Magnolia;Magnolia grandiflora;Árbol Latifoliado Perenne;RIVADAVIA;RIVADAVIA, AV. - DOBLAS - ROSARIO - BEAUCHEF;Magnoliáceas;Magnolia;Exótico;102724;101210;-34.6184;-58.4336
12863;12;53;8;9;Ligustro;Ligustrum lucidum;Árbol Latifoliado Perenne;RIVADAVIA;RIVADAVIA, AV. - DOBLAS - ROSARIO - BEAUCHEF;Oleáceas;Ligustrum;Exótico;102690;101225;-34.6182;-58.434
12864;14;65;2;9;Ligustro;Ligustrum lucidum;Árbol Latifoliado Perenne;RIVADAVIA;RIVADAVIA, AV. - DOBLAS - ROSARIO - BEAUCHEF;Oleáceas;Ligustrum;Exótico;102669;101230;-34.6182;-58.4342
12865;12;37;11;81;Celtis tala;Celtis ehrembergiana;Árbol Latifoliado Caducifolio;RIVADAVIA;RIVADAVIA, AV. - DOBLAS - ROSARIO - BEAUCHEF;Ulmaceas;Celtis;Nativo/Autóctono;102682;101211;-34.6184;-58.4341
12896;18;60;0;46;Ibirá pitá;Peltophorum dubium;Árbol Latifoliado Perenne;RIVADAVIA;RIVADAVIA, AV. - DOBLAS - ROSARIO - BEAUCHEF;Leguminosas;Peltophorum;Nativo/Autóctono;102655;101224;-34.6182;-58.4344
12897;20;60;33;46;Ibirá pitá;Peltophorum dubium;Árbol Latifoliado Perenne;RIVADAVIA;RIVADAVIA, AV. - DOBLAS - ROSARIO - BEAUCHEF;Leguminosas;Peltophorum;Nativo/Autóctono;102650;101212;-34.6183;-58.4344
14339;24;67;0;342;Ciprés;Cupressus sp.;Árbol Conífero Perenne;RIVADAVIA;RIVADAVIA, AV. - DOBLAS - ROSARIO - BEAUCHEF;Cupresáceas;Cupressus;Exótico;102691;101319;-34.6174;-58.434
14340;6;14;0;369;Lapacho;Tabebuia sp.;No Determinado;RIVADAVIA;RIVADAVIA, AV. - DOBLAS - ROSARIO - BEAUCHEF;Bignoniáceas;Tabebuia;No Determinado;102800;101350;-34.6171;-58.4328
14341;1;40;0;999;No Determinable;No Determinable;No Determinado;RIVADAVIA;RIVADAVIA, AV. - DOBLAS - ROSARIO - BEAUCHEF;No identificada;No identificado;No Determinado;102669;101246;-34.618;-58.4342
14343;7;56;0;369;Lapacho;Tabebuia sp.;No Determinado;RIVADAVIA;RIVADAVIA, AV. - DOBLAS - ROSARIO - BEAUCHEF;Bignoniáceas;Tabebuia;No Determinado;102594;101261;-34.6179;-58.435
14344;6;14;20;333;Arce;Acer sp.;No Determinado;RIVADAVIA;RIVADAVIA, AV. - DOBLAS - ROSARIO - BEAUCHEF;Aceráceas;Acer;Exótico;102801;101197;-34.6185;-58.4328
15086;11;36;1;23;Palto;Persea americana;Árbol Latifoliado Perenne;RIVADAVIA;RIVADAVIA, AV. - DOBLAS - ROSARIO - BEAUCHEF;Lauráceas;Persea;Exótico;102883;101261;-34.6179;-58.4319
14995;22;50;12;77;Ciprés;Cupressus sempervirens;Árbol Conífero Perenne;RIVADAVIA;RIVADAVIA, AV. - DOBLAS - ROSARIO - BEAUCHEF;Cupresáceas;Cupressus;Exótico;102707;101299;-34.6176;-58.4338
14973;4;22;0;380;Cotoneaster;Cotoneaster sp.;No Determinado;RIVADAVIA;RIVADAVIA, AV. - DOBLAS - ROSARIO - BEAUCHEF;Rosáceas;Cotoneaster;No Determinado;102791;101345;-34.6171;-58.4329
14974;4;15;0;380;Cotoneaster;Cotoneaster sp.;No Determinado;RIVADAVIA;RIVADAVIA, AV. - DOBLAS - ROSARIO - BEAUCHEF;Rosáceas;Cotoneaster;No Determinado;102789;101346;-34.6171;-58.4329
14975;21;2;0;79;Magnolia;Magnolia grandiflora;Árbol Latifoliado Perenne;RIVADAVIA;RIVADAVIA, AV. - DOBLAS - ROSARIO - BEAUCHEF;Magnoliáceas;Magnolia;Exótico;102779;101345;-34.6171;-58.433
14976;15;33;23;43;Pata de vaca  (Pezuña de vaca);Bauhinia forticata;Árbol Latifoliado Caducifolio;RIVADAVIA;RIVADAVIA, AV. - DOBLAS - ROSARIO - BEAUCHEF;Leguminosas;Bauhinia;Nativo/Autóctono;102815;101214;-34.6183;-58.4326
14977;22;100;0;75;Palo borracho blanco;Ceiba chodatti;Árbol Latifoliado Caducifolio;RIVADAVIA;RIVADAVIA, AV. - DOBLAS - ROSARIO - BEAUCHEF;Bombacáceas;Ceiba;Nativo/Autóctono;102829;101218;-34.6183;-58.4324
14978;22;100;0;75;Palo borracho blanco;Ceiba chodatti;Árbol Latifoliado Caducifolio;RIVADAVIA;RIVADAVIA, AV. - DOBLAS - ROSARIO - BEAUCHEF;Bombacáceas;Ceiba;Nativo/Autóctono;102827;101211;-34.6183;-58.4325
14979;10;17;0;14;Álamo plateado;Populus alba;Árbol Latifoliado Caducifolio;RIVADAVIA;RIVADAVIA, AV. - DOBLAS - ROSARIO - BEAUCHEF;Salicáceas;Populus;Exótico;102887;101200;-34.6184;-58.4318
14980;1;2;0;17;Árbol del cielo (Ailanto o Árbol de los dioses);Ailanthus altissima;Árbol Latifoliado Caducifolio;RIVADAVIA;RIVADAVIA, AV. - DOBLAS - ROSARIO - BEAUCHEF;Simarrubáceas;Ailanthus;Exótico;102636;101152;-34.6189;-58.4346
14981;4;32;0;375;Tuja;Thuja sp.;Árbol Conífero Perenne;RIVADAVIA;RIVADAVIA, AV. - DOBLAS - ROSARIO - BEAUCHEF;Cupresáceas;Thuja;Exótico;102749;101295;-34.6176;-58.4333
14982;33;87;14;335;Araucaria;Araucaria sp.;Árbol Conífero Perenne;RIVADAVIA;RIVADAVIA, AV. - DOBLAS - ROSARIO - BEAUCHEF;Araucariaceas;Araucaria;No Determinado;102695;101280;-34.6177;-58.4339
14983;11;40;7;41;Ginkgo;Ginkgo biloba;Árbol Latifoliado Caducifolio;RIVADAVIA;RIVADAVIA, AV. - DOBLAS - ROSARIO - BEAUCHEF;Ginkgoaceas;Ginkgo;Exótico;102760;101309;-34.6175;-58.4332
14984;15;5;2;41;Ginkgo;Ginkgo biloba;Árbol Latifoliado Caducifolio;RIVADAVIA;RIVADAVIA, AV. - DOBLAS - ROSARIO - BEAUCHEF;Ginkgoaceas;Ginkgo;Exótico;102768;101307;-34.6175;-58.4331
14985;20;63;7;2;Plátano;Platanus x acerifolia;Árbol Latifoliado Caducifolio;RIVADAVIA;RIVADAVIA, AV. - DOBLAS - ROSARIO - BEAUCHEF;Platanaceae;Platanus;Exótico;102717;101321;-34.6174;-58.4337
14986;2;48;2;25;Palo borracho rosado;Ceiba speciosa;Árbol Latifoliado Caducifolio;RIVADAVIA;RIVADAVIA, AV. - DOBLAS - ROSARIO - BEAUCHEF;Bombacáceas;Ceiba;Nativo/Autóctono;102741;101330;-34.6173;-58.4334
14987;20;50;2;25;Palo borracho rosado;Ceiba speciosa;Árbol Latifoliado Caducifolio;RIVADAVIA;RIVADAVIA, AV. - DOBLAS - ROSARIO - BEAUCHEF;Bombacáceas;Ceiba;Nativo/Autóctono;102724;101313;-34.6174;-58.4336
14988;15;95;7;72;Pino del Paraná (Pino de Misiones o Pino de Brasil);Araucaria angustifolia;Árbol Conífero Perenne;RIVADAVIA;RIVADAVIA, AV. - DOBLAS - ROSARIO - BEAUCHEF;Araucariaceas;Araucaria;Nativo/Autóctono;102724;101312;-34.6174;-58.4336
14989;3;50;0;222;Granado;Punica granatum;Arbusto o Herbacea;RIVADAVIA;RIVADAVIA, AV. - DOBLAS - ROSARIO - BEAUCHEF;Punicaceas;Punica;Exótico;102747;101312;-34.6174;-58.4333
14990;17;44;0;34;Olmo europeo;Ulmus procera;Árbol Latifoliado Caducifolio;RIVADAVIA;RIVADAVIA, AV. - DOBLAS - ROSARIO - BEAUCHEF;Ulmaceas;Ulmus;Exótico;102809;101356;-34.617;-58.4327
14991;8;80;0;9;Ligustro;Ligustrum lucidum;Árbol Latifoliado Perenne;RIVADAVIA;RIVADAVIA, AV. - DOBLAS - ROSARIO - BEAUCHEF;Oleáceas;Ligustrum;Exótico;102812;101360;-34.617;-58.4326
14992;8;70;0;9;Ligustro;Ligustrum lucidum;Árbol Latifoliado Perenne;RIVADAVIA;RIVADAVIA, AV. - DOBLAS - ROSARIO - BEAUCHEF;Oleáceas;Ligustrum;Exótico;102816;101356;-34.617;-58.4326
14993;8;19;25;11;Jacarandá;Jacarandá mimosifolia;Árbol Latifoliado Caducifolio;RIVADAVIA;RIVADAVIA, AV. - DOBLAS - ROSARIO - BEAUCHEF;Bignoniáceas;Jacarandá;Nativo/Autóctono;102834;101373;-34.6169;-58.4324
14994;17;58;0;9;Ligustro;Ligustrum lucidum;Árbol Latifoliado Perenne;RIVADAVIA;RIVADAVIA, AV. - DOBLAS - ROSARIO - BEAUCHEF;Oleáceas;Ligustrum;Exótico;102694;101287;-34.6177;-58.4339
14996;21;50;18;77;Ciprés;Cupressus sempervirens;Árbol Conífero Perenne;RIVADAVIA;RIVADAVIA, AV. - DOBLAS - ROSARIO - BEAUCHEF;Cupresáceas;Cupressus;Exótico;102705;101303;-34.6175;-58.4338
14997;20;44;0;41;Ginkgo;Ginkgo biloba;Árbol Latifoliado Caducifolio;RIVADAVIA;RIVADAVIA, AV. - DOBLAS - ROSARIO - BEAUCHEF;Ginkgoaceas;Ginkgo;Exótico;102696;101316;-34.6174;-58.4339
14998;17;80;20;9;Ligustro;Ligustrum lucidum;Árbol Latifoliado Perenne;RIVADAVIA;RIVADAVIA, AV. - DOBLAS - ROSARIO - BEAUCHEF;Oleáceas;Ligustrum;Exótico;102723;101298;-34.6176;-58.4336
14999;4;20;34;380;Cotoneaster;Cotoneaster sp.;No Determinado;RIVADAVIA;RIVADAVIA, AV. - DOBLAS - ROSARIO - BEAUCHEF;Rosáceas;Cotoneaster;No Determinado;102725;101318;-34.6174;-58.4336
15058;4;108;0;204;Palmera del senegal;Phoenix reclinata;Palmera;RIVADAVIA;RIVADAVIA, AV. - DOBLAS - ROSARIO - BEAUCHEF;Arecaceas;Phoenix;Exótico;102788;101255;-34.618;-58.4329
15059;36;53;10;77;Ciprés;Cupressus sempervirens;Árbol Conífero Perenne;RIVADAVIA;RIVADAVIA, AV. - DOBLAS - ROSARIO - BEAUCHEF;Cupresáceas;Cupressus;Exótico;102780;101247;-34.618;-58.433
15060;11;5;5;7;Arce negundo;Acer negundo;Árbol Latifoliado Caducifolio;RIVADAVIA;RIVADAVIA, AV. - DOBLAS - ROSARIO - BEAUCHEF;Aceráceas;Acer;Exótico;102781;101243;-34.6181;-58.433
15085;7;11;10;11;Jacarandá;Jacarandá mimosifolia;Árbol Latifoliado Caducifolio;RIVADAVIA;RIVADAVIA, AV. - DOBLAS - ROSARIO - BEAUCHEF;Bignoniáceas;Jacarandá;Nativo/Autóctono;102881;101251;-34.618;-58.4319
24210;20;30;12;359;Pino;Pinus sp.;No Determinado;RIVADAVIA;RIVADAVIA, AV. - DOBLAS - ROSARIO - BEAUCHEF;Pináceas;Pinus;Exótico;102873;101298;-34.6176;-58.432
24160;6;13;20;11;Jacarandá;Jacarandá mimosifolia;Árbol Latifoliado Caducifolio;RIVADAVIA;RIVADAVIA, AV. - DOBLAS - ROSARIO - BEAUCHEF;Bignoniáceas;Jacarandá;Nativo/Autóctono;102837;101235;-34.6181;-58.4324
24161;5;9;0;79;Magnolia;Magnolia grandiflora;Árbol Latifoliado Perenne;RIVADAVIA;RIVADAVIA, AV. - DOBLAS - ROSARIO - BEAUCHEF;Magnoliáceas;Magnolia;Exótico;102851;101256;-34.6179;-58.4322
24162;4;8;0;79;Magnolia;Magnolia grandiflora;Árbol Latifoliado Perenne;RIVADAVIA;RIVADAVIA, AV. - DOBLAS - ROSARIO - BEAUCHEF;Magnoliáceas;Magnolia;Exótico;102862;101262;-34.6179;-58.4321
24163;18;360;0;65;Ombú;Phytolacca dioica;Árbol Latifoliado Caducifolio;RIVADAVIA;RIVADAVIA, AV. - DOBLAS - ROSARIO - BEAUCHEF;Fitolacáceas;Phytolacca;Nativo/Autóctono;102863;101275;-34.6178;-58.4321
24164;21;65;6;45;Casuarina;Casuarina cunninghamiana;Árbol Latifoliado Perenne;RIVADAVIA;RIVADAVIA, AV. - DOBLAS - ROSARIO - BEAUCHEF;Casuarinaceas;Casuarina;Exótico;102858;101285;-34.6177;-58.4321
24165;19;90;5;34;Olmo europeo;Ulmus procera;Árbol Latifoliado Caducifolio;RIVADAVIA;RIVADAVIA, AV. - DOBLAS - ROSARIO - BEAUCHEF;Ulmaceas;Ulmus;Exótico;102808;101371;-34.6169;-58.4327
24166;4;100;0;55;Fenix;Phoenix canariensis;Palmera;RIVADAVIA;RIVADAVIA, AV. - DOBLAS - ROSARIO - BEAUCHEF;Arecaceas;Phoenix;Exótico;102845;101385;-34.6168;-58.4323
24167;14;42;0;9;Ligustro;Ligustrum lucidum;Árbol Latifoliado Perenne;RIVADAVIA;RIVADAVIA, AV. - DOBLAS - ROSARIO - BEAUCHEF;Oleáceas;Ligustrum;Exótico;102663;101239;-34.6181;-58.4343
24168;15;26;10;9;Ligustro;Ligustrum lucidum;Árbol Latifoliado Perenne;RIVADAVIA;RIVADAVIA, AV. - DOBLAS - ROSARIO - BEAUCHEF;Oleáceas;Ligustrum;Exótico;102673;101255;-34.618;-58.4342
24169;10;18;19;43;Pata de vaca  (Pezuña de vaca);Bauhinia forticata;Árbol Latifoliado Caducifolio;RIVADAVIA;RIVADAVIA, AV. - DOBLAS - ROSARIO - BEAUCHEF;Leguminosas;Bauhinia;Nativo/Autóctono;102705;101250;-34.618;-58.4338
24170;5;20;0;43;Pata de vaca  (Pezuña de vaca);Bauhinia forticata;Árbol Latifoliado Caducifolio;RIVADAVIA;RIVADAVIA, AV. - DOBLAS - ROSARIO - BEAUCHEF;Leguminosas;Bauhinia;Nativo/Autóctono;102703;101253;-34.618;-58.4338
24171;9;13;0;43;Pata de vaca  (Pezuña de vaca);Bauhinia forticata;Árbol Latifoliado Caducifolio;RIVADAVIA;RIVADAVIA, AV. - DOBLAS - ROSARIO - BEAUCHEF;Leguminosas;Bauhinia;Nativo/Autóctono;102698;101262;-34.6179;-58.4339
24172;5;10;0;43;Pata de vaca  (Pezuña de vaca);Bauhinia forticata;Árbol Latifoliado Caducifolio;RIVADAVIA;RIVADAVIA, AV. - DOBLAS - ROSARIO - BEAUCHEF;Leguminosas;Bauhinia;Nativo/Autóctono;102697;101265;-34.6179;-58.4339
24173;13;71;8;92;Castaño de Indias común;Aesculus hippocastanum;Árbol Latifoliado Caducifolio;RIVADAVIA;RIVADAVIA, AV. - DOBLAS - ROSARIO - BEAUCHEF;Hipocastanáceas;Aesculus;Exótico;102682;101268;-34.6178;-58.4341
24174;1;12;8;999;No Determinable;No Determinable;No Determinado;RIVADAVIA;RIVADAVIA, AV. - DOBLAS - ROSARIO - BEAUCHEF;No identificada;No identificado;No Determinado;102821;101275;-34.6178;-58.4325
24175;8;12;10;4;Tilo;Tilia viridis subsp. x moltkei;Árbol Latifoliado Caducifolio;RIVADAVIA;RIVADAVIA, AV. - DOBLAS - ROSARIO - BEAUCHEF;Tiliaceas;Tilia;Exótico;102812;101266;-34.6179;-58.4326
24176;12;60;7;25;Palo borracho rosado;Ceiba speciosa;Árbol Latifoliado Caducifolio;RIVADAVIA;RIVADAVIA, AV. - DOBLAS - ROSARIO - BEAUCHEF;Bombacáceas;Ceiba;Nativo/Autóctono;102819;101267;-34.6178;-58.4326
24177;10;51;0;25;Palo borracho rosado;Ceiba speciosa;Árbol Latifoliado Caducifolio;RIVADAVIA;RIVADAVIA, AV. - DOBLAS - ROSARIO - BEAUCHEF;Bombacáceas;Ceiba;Nativo/Autóctono;102818;101263;-34.6179;-58.4326
24178;7;26;0;25;Palo borracho rosado;Ceiba speciosa;Árbol Latifoliado Caducifolio;RIVADAVIA;RIVADAVIA, AV. - DOBLAS - ROSARIO - BEAUCHEF;Bombacáceas;Ceiba;Nativo/Autóctono;102821;101246;-34.618;-58.4325
24179;13;44;12;41;Ginkgo;Ginkgo biloba;Árbol Latifoliado Caducifolio;RIVADAVIA;RIVADAVIA, AV. - DOBLAS - ROSARIO - BEAUCHEF;Ginkgoaceas;Ginkgo;Exótico;102798;101316;-34.6174;-58.4328
24180;19;72;20;96;Pino de las canarias;Pinus canariensis;Árbol Latifoliado Caducifolio;RIVADAVIA;RIVADAVIA, AV. - DOBLAS - ROSARIO - BEAUCHEF;Pináceas;Pinus;Exótico;102780;101333;-34.6172;-58.433
24181;18;240;0;65;Ombú;Phytolacca dioica;Árbol Latifoliado Caducifolio;RIVADAVIA;RIVADAVIA, AV. - DOBLAS - ROSARIO - BEAUCHEF;Fitolacáceas;Phytolacca;Nativo/Autóctono;102847;101233;-34.6181;-58.4323
24182;6;14;5;79;Magnolia;Magnolia grandiflora;Árbol Latifoliado Perenne;RIVADAVIA;RIVADAVIA, AV. - DOBLAS - ROSARIO - BEAUCHEF;Magnoliáceas;Magnolia;Exótico;102853;101249;-34.618;-58.4322
24183;5;9;12;79;Magnolia;Magnolia grandiflora;Árbol Latifoliado Perenne;RIVADAVIA;RIVADAVIA, AV. - DOBLAS - ROSARIO - BEAUCHEF;Magnoliáceas;Magnolia;Exótico;102859;101254;-34.618;-58.4321
24184;5;11;10;79;Magnolia;Magnolia grandiflora;Árbol Latifoliado Perenne;RIVADAVIA;RIVADAVIA, AV. - DOBLAS - ROSARIO - BEAUCHEF;Magnoliáceas;Magnolia;Exótico;102867;101261;-34.6179;-58.432
24185;5;7;10;79;Magnolia;Magnolia grandiflora;Árbol Latifoliado Perenne;RIVADAVIA;RIVADAVIA, AV. - DOBLAS - ROSARIO - BEAUCHEF;Magnoliáceas;Magnolia;Exótico;102874;101268;-34.6178;-58.432
24186;33;84;0;93;Kauri de corteza lisa;Agathis robusta;Árbol Latifoliado Perenne;RIVADAVIA;RIVADAVIA, AV. - DOBLAS - ROSARIO - BEAUCHEF;Araucariaceas;Agathis;Exótico;102714;101163;-34.6188;-58.4337
24187;33;76;0;93;Kauri de corteza lisa;Agathis robusta;Árbol Latifoliado Perenne;RIVADAVIA;RIVADAVIA, AV. - DOBLAS - ROSARIO - BEAUCHEF;Araucariaceas;Agathis;Exótico;102719;101165;-34.6188;-58.4336
24196;8;55;0;43;Pata de vaca  (Pezuña de vaca);Bauhinia forticata;Árbol Latifoliado Caducifolio;RIVADAVIA;RIVADAVIA, AV. - DOBLAS - ROSARIO - BEAUCHEF;Leguminosas;Bauhinia;Nativo/Autóctono;102639;101173;-34.6187;-58.4345
24197;22;80;0;132;Cedro del Himalaya;Cedrus deodara;Árbol Conífero Perenne;RIVADAVIA;RIVADAVIA, AV. - DOBLAS - ROSARIO - BEAUCHEF;Pináceas;Cedrus;Exótico;102621;101201;-34.6184;-58.4347
24198;24;85;0;34;Olmo europeo;Ulmus procera;Árbol Latifoliado Caducifolio;RIVADAVIA;RIVADAVIA, AV. - DOBLAS - ROSARIO - BEAUCHEF;Ulmaceas;Ulmus;Exótico;102601;101245;-34.618;-58.4349
24199;1;1;0;23;Palto;Persea americana;Árbol Latifoliado Perenne;RIVADAVIA;RIVADAVIA, AV. - DOBLAS - ROSARIO - BEAUCHEF;Lauráceas;Persea;Exótico;102644;101174;-34.6187;-58.4345
24200;2;4;0;13;Fresno (Fresno común);Fraxinus excelsior;Árbol Latifoliado Caducifolio;RIVADAVIA;RIVADAVIA, AV. - DOBLAS - ROSARIO - BEAUCHEF;Oleáceas;Fraxinus;Exótico;102646;101176;-34.6187;-58.4344
24201;16;33;8;77;Ciprés;Cupressus sempervirens;Árbol Conífero Perenne;RIVADAVIA;RIVADAVIA, AV. - DOBLAS - ROSARIO - BEAUCHEF;Cupresáceas;Cupressus;Exótico;102761;101252;-34.618;-58.4332
24202;10;61;0;53;Washingtonia (Palmera washingtonia);Washingtonia filifera;Palmera;RIVADAVIA;RIVADAVIA, AV. - DOBLAS - ROSARIO - BEAUCHEF;Arecaceas;Washingtonia;Exótico;102766;101276;-34.6178;-58.4331
24203;32;140;0;73;Bunya-bunya (Araucaria de Bidwill);Araucaria bidwillii;Árbol Conífero Perenne;RIVADAVIA;RIVADAVIA, AV. - DOBLAS - ROSARIO - BEAUCHEF;Araucariaceas;Araucaria;Exótico;102768;101166;-34.6188;-58.4331
24204;6;20;10;31;Ceibo;Erythrina crista-galli;Árbol Latifoliado Caducifolio;RIVADAVIA;RIVADAVIA, AV. - DOBLAS - ROSARIO - BEAUCHEF;Leguminosas;Erythrina;Nativo/Autóctono;102741;101174;-34.6187;-58.4334
24205;14;80;0;25;Palo borracho rosado;Ceiba speciosa;Árbol Latifoliado Caducifolio;RIVADAVIA;RIVADAVIA, AV. - DOBLAS - ROSARIO - BEAUCHEF;Bombacáceas;Ceiba;Nativo/Autóctono;102750;101178;-34.6186;-58.4333
24206;10;34;0;45;Casuarina;Casuarina cunninghamiana;Árbol Latifoliado Perenne;RIVADAVIA;RIVADAVIA, AV. - DOBLAS - ROSARIO - BEAUCHEF;Casuarinaceas;Casuarina;Exótico;102660;101289;-34.6176;-58.4343
24207;7;18;3;79;Magnolia;Magnolia grandiflora;Árbol Latifoliado Perenne;RIVADAVIA;RIVADAVIA, AV. - DOBLAS - ROSARIO - BEAUCHEF;Magnoliáceas;Magnolia;Exótico;102730;101211;-34.6183;-58.4335
24208;13;66;0;79;Magnolia;Magnolia grandiflora;Árbol Latifoliado Perenne;RIVADAVIA;RIVADAVIA, AV. - DOBLAS - ROSARIO - BEAUCHEF;Magnoliáceas;Magnolia;Exótico;102774;101221;-34.6183;-58.433
24209;19;38;14;359;Pino;Pinus sp.;No Determinado;RIVADAVIA;RIVADAVIA, AV. - DOBLAS - ROSARIO - BEAUCHEF;Pináceas;Pinus;Exótico;102870;101301;-34.6175;-58.432
24211;18;30;0;14;Álamo plateado;Populus alba;Árbol Latifoliado Caducifolio;RIVADAVIA;RIVADAVIA, AV. - DOBLAS - ROSARIO - BEAUCHEF;Salicáceas;Populus;Exótico;102659;101171;-34.6187;-58.4343
24212;16;50;0;79;Magnolia;Magnolia grandiflora;Árbol Latifoliado Perenne;RIVADAVIA;RIVADAVIA, AV. - DOBLAS - ROSARIO - BEAUCHEF;Magnoliáceas;Magnolia;Exótico;102669;101190;-34.6185;-58.4342
24213;17;55;0;79;Magnolia;Magnolia grandiflora;Árbol Latifoliado Perenne;RIVADAVIA;RIVADAVIA, AV. - DOBLAS - ROSARIO - BEAUCHEF;Magnoliáceas;Magnolia;Exótico;102675;101192;-34.6185;-58.4341
24214;9;18;0;79;Magnolia;Magnolia grandiflora;Árbol Latifoliado Perenne;RIVADAVIA;RIVADAVIA, AV. - DOBLAS - ROSARIO - BEAUCHEF;Magnoliáceas;Magnolia;Exótico;102684;101194;-34.6185;-58.434
24215;9;15;12;79;Magnolia;Magnolia grandiflora;Árbol Latifoliado Perenne;RIVADAVIA;RIVADAVIA, AV. - DOBLAS - ROSARIO - BEAUCHEF;Magnoliáceas;Magnolia;Exótico;102689;101196;-34.6185;-58.434
24216;13;50;0;79;Magnolia;Magnolia grandiflora;Árbol Latifoliado Perenne;RIVADAVIA;RIVADAVIA, AV. - DOBLAS - ROSARIO - BEAUCHEF;Magnoliáceas;Magnolia;Exótico;102702;101200;-34.6185;-58.4338
24217;13;34;0;79;Magnolia;Magnolia grandiflora;Árbol Latifoliado Perenne;RIVADAVIA;RIVADAVIA, AV. - DOBLAS - ROSARIO - BEAUCHEF;Magnoliáceas;Magnolia;Exótico;102716;101204;-34.6184;-58.4337
24218;14;62;0;25;Palo borracho rosado;Ceiba speciosa;Árbol Latifoliado Caducifolio;RIVADAVIA;RIVADAVIA, AV. - DOBLAS - ROSARIO - BEAUCHEF;Bombacáceas;Ceiba;Nativo/Autóctono;102725;101192;-34.6185;-58.4336
24219;16;46;0;9;Ligustro;Ligustrum lucidum;Árbol Latifoliado Perenne;RIVADAVIA;RIVADAVIA, AV. - DOBLAS - ROSARIO - BEAUCHEF;Oleáceas;Ligustrum;Exótico;102711;101181;-34.6186;-58.4337
24220;18;72;15;9;Ligustro;Ligustrum lucidum;Árbol Latifoliado Perenne;RIVADAVIA;RIVADAVIA, AV. - DOBLAS - ROSARIO - BEAUCHEF;Oleáceas;Ligustrum;Exótico;102707;101188;-34.6186;-58.4338
24221;14;50;34;81;Celtis tala;Celtis ehrembergiana;Árbol Latifoliado Caducifolio;RIVADAVIA;RIVADAVIA, AV. - DOBLAS - ROSARIO - BEAUCHEF;Ulmaceas;Celtis;Nativo/Autóctono;102698;101195;-34.6185;-58.4339
24222;13;25;14;29;Mimosa (Aromo francés);Acacia dealbata;Árbol Latifoliado Perenne;RIVADAVIA;RIVADAVIA, AV. - DOBLAS - ROSARIO - BEAUCHEF;Leguminosas;Acacia;Exótico;102692;101189;-34.6185;-58.4339
24223;13;30;9;65;Ombú;Phytolacca dioica;Árbol Latifoliado Caducifolio;RIVADAVIA;RIVADAVIA, AV. - DOBLAS - ROSARIO - BEAUCHEF;Fitolacáceas;Phytolacca;Nativo/Autóctono;102682;101294;-34.6176;-58.4341
24224;17;55;0;132;Cedro del Himalaya;Cedrus deodara;Árbol Conífero Perenne;RIVADAVIA;RIVADAVIA, AV. - DOBLAS - ROSARIO - BEAUCHEF;Pináceas;Cedrus;Exótico;102661;101153;-34.6189;-58.4343
24225;7;12;0;96;Pino de las canarias;Pinus canariensis;Árbol Latifoliado Caducifolio;RIVADAVIA;RIVADAVIA, AV. - DOBLAS - ROSARIO - BEAUCHEF;Pináceas;Pinus;Exótico;102718;101271;-34.6178;-58.4337
24226;4;7;0;79;Magnolia;Magnolia grandiflora;Árbol Latifoliado Perenne;RIVADAVIA;RIVADAVIA, AV. - DOBLAS - ROSARIO - BEAUCHEF;Magnoliáceas;Magnolia;Exótico;102746;101213;-34.6183;-58.4334
24227;4;7;0;79;Magnolia;Magnolia grandiflora;Árbol Latifoliado Perenne;RIVADAVIA;RIVADAVIA, AV. - DOBLAS - ROSARIO - BEAUCHEF;Magnoliáceas;Magnolia;Exótico;102753;101214;-34.6183;-58.4333
24228;11;41;26;9;Ligustro;Ligustrum lucidum;Árbol Latifoliado Perenne;RIVADAVIA;RIVADAVIA, AV. - DOBLAS - ROSARIO - BEAUCHEF;Oleáceas;Ligustrum;Exótico;102761;101217;-34.6183;-58.4332
24229;4;12;3;43;Pata de vaca  (Pezuña de vaca);Bauhinia forticata;Árbol Latifoliado Caducifolio;RIVADAVIA;RIVADAVIA, AV. - DOBLAS - ROSARIO - BEAUCHEF;Leguminosas;Bauhinia;Nativo/Autóctono;102759;101202;-34.6184;-58.4332
24230;9;35;6;98;Ligustrina;Ligustrum sinense;Arbusto Perenne;RIVADAVIA;RIVADAVIA, AV. - DOBLAS - ROSARIO - BEAUCHEF;Oleáceas;Ligustrum;Exótico;102857;101338;-34.6172;-58.4321
24231;25;92;0;45;Casuarina;Casuarina cunninghamiana;Árbol Latifoliado Perenne;RIVADAVIA;RIVADAVIA, AV. - DOBLAS - ROSARIO - BEAUCHEF;Casuarinaceas;Casuarina;Exótico;102818;101326;-34.6173;-58.4326
25187;15;50;15;9;Ligustro;Ligustrum lucidum;Árbol Latifoliado Perenne;RIVADAVIA;RIVADAVIA, AV. - DOBLAS - ROSARIO - BEAUCHEF;Oleáceas;Ligustrum;Exótico;102681;101227;-34.6182;-58.4341
25175;9;86;10;79;Magnolia;Magnolia grandiflora;Árbol Latifoliado Perenne;RIVADAVIA;RIVADAVIA, AV. - DOBLAS - ROSARIO - BEAUCHEF;Magnoliáceas;Magnolia;Exótico;102784;101227;-34.6182;-58.4329
25180;12;35;4;79;Magnolia;Magnolia grandiflora;Árbol Latifoliado Perenne;RIVADAVIA;RIVADAVIA, AV. - DOBLAS - ROSARIO - BEAUCHEF;Magnoliáceas;Magnolia;Exótico;102665;101193;-34.6185;-58.4342
25181;11;50;5;9;Ligustro;Ligustrum lucidum;Árbol Latifoliado Perenne;RIVADAVIA;RIVADAVIA, AV. - DOBLAS - ROSARIO - BEAUCHEF;Oleáceas;Ligustrum;Exótico;102697;101205;-34.6184;-58.4339
25182;3;11;2;79;Magnolia;Magnolia grandiflora;Árbol Latifoliado Perenne;RIVADAVIA;RIVADAVIA, AV. - DOBLAS - ROSARIO - BEAUCHEF;Magnoliáceas;Magnolia;Exótico;102708;101206;-34.6184;-58.4338
25183;14;68;6;9;Ligustro;Ligustrum lucidum;Árbol Latifoliado Perenne;RIVADAVIA;RIVADAVIA, AV. - DOBLAS - ROSARIO - BEAUCHEF;Oleáceas;Ligustrum;Exótico;102714;101223;-34.6182;-58.4337
25184;13;50;6;9;Ligustro;Ligustrum lucidum;Árbol Latifoliado Perenne;RIVADAVIA;RIVADAVIA, AV. - DOBLAS - ROSARIO - BEAUCHEF;Oleáceas;Ligustrum;Exótico;102713;101233;-34.6182;-58.4337
25185;9;16;3;39;Lapacho amarillo;Tabebuia chrysotricha;Árbol Latifoliado Caducifolio;RIVADAVIA;RIVADAVIA, AV. - DOBLAS - ROSARIO - BEAUCHEF;Bignoniáceas;Tabebuia;Nativo/Autóctono;102706;101230;-34.6182;-58.4338
25186;11;15;2;39;Lapacho amarillo;Tabebuia chrysotricha;Árbol Latifoliado Caducifolio;RIVADAVIA;RIVADAVIA, AV. - DOBLAS - ROSARIO - BEAUCHEF;Bignoniáceas;Tabebuia;Nativo/Autóctono;102696;101231;-34.6182;-58.4339
25188;12;25;3;39;Lapacho amarillo;Tabebuia chrysotricha;Árbol Latifoliado Caducifolio;RIVADAVIA;RIVADAVIA, AV. - DOBLAS - ROSARIO - BEAUCHEF;Bignoniáceas;Tabebuia;Nativo/Autóctono;102665;101212;-34.6183;-58.4342
25189;11;30;5;38;Lapacho rosado;Tabebuia impetiginosa;Árbol Latifoliado Caducifolio;RIVADAVIA;RIVADAVIA, AV. - DOBLAS - ROSARIO - BEAUCHEF;Bignoniáceas;Tabebuia;Nativo/Autóctono;102666;101201;-34.6184;-58.4342
25190;17;62;65;3;Paraíso;Melia azeradach;Árbol Latifoliado Caducifolio;RIVADAVIA;RIVADAVIA, AV. - DOBLAS - ROSARIO - BEAUCHEF;Meliáceas;Melia;Exótico;102668;101270;-34.6178;-58.4342
25221;17;98;0;225;Encina;Quercus ilex;Árbol Latifoliado Perenne;RIVADAVIA;RIVADAVIA, AV. - DOBLAS - ROSARIO - BEAUCHEF;Fagáceas;Quercus;Exótico;102616;101236;-34.6181;-58.4348
25570;5;15;10;359;Pino;Pinus sp.;No Determinado;RIVADAVIA;RIVADAVIA, AV. - DOBLAS - ROSARIO - BEAUCHEF;Pináceas;Pinus;Exótico;102873;101292;-34.6176;-58.432
25571;30;151;0;330;Eucalipto;Eucalyptus sp.;Árbol Latifoliado Perenne;RIVADAVIA;RIVADAVIA, AV. - DOBLAS - ROSARIO - BEAUCHEF;Mirtáceas;Eucalyptus;Exótico;102720;101255;-34.618;-58.4336
27071;2;1;10;999;No Determinable;No Determinable;No Determinado;RIVADAVIA;RIVADAVIA, AV. - DOBLAS - ROSARIO - BEAUCHEF;No identificada;No identificado;No Determinado;102871;101181;-34.6186;-58.432
27072;2;2;9;999;No Determinable;No Determinable;No Determinado;RIVADAVIA;RIVADAVIA, AV. - DOBLAS - ROSARIO - BEAUCHEF;No identificada;No identificado;No Determinado;102875;101180;-34.6186;-58.432
27073;15;78;58;348;Grevillea;Grevillea sp.;No Determinado;RIVADAVIA;RIVADAVIA, AV. - DOBLAS - ROSARIO - BEAUCHEF;Proteáceas;Grevillea;Exótico;102696;101322;-34.6174;-58.4339
27074;5;30;12;197;Siempreverde;Myoporum laetum;Árbol Latifoliado Perenne;RIVADAVIA;RIVADAVIA, AV. - DOBLAS - ROSARIO - BEAUCHEF;Mioporaceas;Myoporum;Exótico;102825;101229;-34.6182;-58.4325
27075;5;14;0;369;Lapacho;Tabebuia sp.;No Determinado;RIVADAVIA;RIVADAVIA, AV. - DOBLAS - ROSARIO - BEAUCHEF;Bignoniáceas;Tabebuia;No Determinado;102802;101364;-34.617;-58.4327
27076;9;24;15;369;Lapacho;Tabebuia sp.;No Determinado;RIVADAVIA;RIVADAVIA, AV. - DOBLAS - ROSARIO - BEAUCHEF;Bignoniáceas;Tabebuia;No Determinado;102800;101369;-34.6169;-58.4328
27077;2;20;0;998;No Determinado;No Determinado;No Determinado;RIVADAVIA;RIVADAVIA, AV. - DOBLAS - ROSARIO - BEAUCHEF;No identificada;No identificado;No Determinado;102824;101272;-34.6178;-58.4325
27078;10;45;15;379;Cedro;Cedrus  sp.;Árbol Conífero Perenne;RIVADAVIA;RIVADAVIA, AV. - DOBLAS - ROSARIO - BEAUCHEF;Pináceas;Cedrus;Exótico;102726;101171;-34.6187;-58.4336
27080;19;2;0;342;Ciprés;Cupressus sp.;Árbol Conífero Perenne;RIVADAVIA;RIVADAVIA, AV. - DOBLAS - ROSARIO - BEAUCHEF;Cupresáceas;Cupressus;Exótico;102748;101245;-34.618;-58.4333
27081;11;34;12;342;Ciprés;Cupressus sp.;Árbol Conífero Perenne;RIVADAVIA;RIVADAVIA, AV. - DOBLAS - ROSARIO - BEAUCHEF;Cupresáceas;Cupressus;Exótico;102735;101256;-34.6179;-58.4335
27082;13;33;5;343;Enterolobium;Enterolobium sp.;No Determinado;RIVADAVIA;RIVADAVIA, AV. - DOBLAS - ROSARIO - BEAUCHEF;Leguminosas;Enterolobium;No Determinado;102736;101262;-34.6179;-58.4335
27083;3;15;25;333;Arce;Acer sp.;No Determinado;RIVADAVIA;RIVADAVIA, AV. - DOBLAS - ROSARIO - BEAUCHEF;Aceráceas;Acer;Exótico;102807;101167;-34.6187;-58.4327
27795;36;51;10;77;Ciprés;Cupressus sempervirens;Árbol Conífero Perenne;RIVADAVIA;RIVADAVIA, AV. - DOBLAS - ROSARIO - BEAUCHEF;Cupresáceas;Cupressus;Exótico;102777;101246;-34.618;-58.433
27542;3;10;11;998;No Determinado;No Determinado;No Determinado;RIVADAVIA;RIVADAVIA, AV. - DOBLAS - ROSARIO - BEAUCHEF;No identificada;No identificado;No Determinado;102822;101306;-34.6175;-58.4325
27710;5;100;0;55;Fenix;Phoenix canariensis;Palmera;RIVADAVIA;RIVADAVIA, AV. - DOBLAS - ROSARIO - BEAUCHEF;Arecaceas;Phoenix;Exótico;102791;101357;-34.617;-58.4329
27711;23;54;10;11;Jacarandá;Jacarandá mimosifolia;Árbol Latifoliado Caducifolio;RIVADAVIA;RIVADAVIA, AV. - DOBLAS - ROSARIO - BEAUCHEF;Bignoniáceas;Jacarandá;Nativo/Autóctono;102875;101304;-34.6175;-58.4319
27712;13;72;0;79;Magnolia;Magnolia grandiflora;Árbol Latifoliado Perenne;RIVADAVIA;RIVADAVIA, AV. - DOBLAS - ROSARIO - BEAUCHEF;Magnoliáceas;Magnolia;Exótico;102803;101229;-34.6182;-58.4327
27713;15;36;10;43;Pata de vaca  (Pezuña de vaca);Bauhinia forticata;Árbol Latifoliado Caducifolio;RIVADAVIA;RIVADAVIA, AV. - DOBLAS - ROSARIO - BEAUCHEF;Leguminosas;Bauhinia;Nativo/Autóctono;102816;101214;-34.6183;-58.4326
27714;1;3;0;1;Fresno americano;Fraxinus pennsylvanica;Árbol Latifoliado Caducifolio;RIVADAVIA;RIVADAVIA, AV. - DOBLAS - ROSARIO - BEAUCHEF;Oleáceas;Fraxinus;Exótico;102628;101171;-34.6187;-58.4346
27715;2;25;0;380;Cotoneaster;Cotoneaster sp.;No Determinado;RIVADAVIA;RIVADAVIA, AV. - DOBLAS - ROSARIO - BEAUCHEF;Rosáceas;Cotoneaster;No Determinado;102735;101326;-34.6173;-58.4335
27716;4;13;0;380;Cotoneaster;Cotoneaster sp.;No Determinado;RIVADAVIA;RIVADAVIA, AV. - DOBLAS - ROSARIO - BEAUCHEF;Rosáceas;Cotoneaster;No Determinado;102734;101328;-34.6173;-58.4335
27717;2;45;0;999;No Determinable;No Determinable;No Determinado;RIVADAVIA;RIVADAVIA, AV. - DOBLAS - ROSARIO - BEAUCHEF;No identificada;No identificado;No Determinado;102809;101348;-34.6171;-58.4327
27718;10;20;10;29;Mimosa (Aromo francés);Acacia dealbata;Árbol Latifoliado Perenne;RIVADAVIA;RIVADAVIA, AV. - DOBLAS - ROSARIO - BEAUCHEF;Leguminosas;Acacia;Exótico;102738;101287;-34.6177;-58.4334
27719;9;19;10;29;Mimosa (Aromo francés);Acacia dealbata;Árbol Latifoliado Perenne;RIVADAVIA;RIVADAVIA, AV. - DOBLAS - ROSARIO - BEAUCHEF;Leguminosas;Acacia;Exótico;102736;101290;-34.6176;-58.4335
27720;13;86;6;9;Ligustro;Ligustrum lucidum;Árbol Latifoliado Perenne;RIVADAVIA;RIVADAVIA, AV. - DOBLAS - ROSARIO - BEAUCHEF;Oleáceas;Ligustrum;Exótico;102727;101333;-34.6172;-58.4336
27721;10;74;0;25;Palo borracho rosado;Ceiba speciosa;Árbol Latifoliado Caducifolio;RIVADAVIA;RIVADAVIA, AV. - DOBLAS - ROSARIO - BEAUCHEF;Bombacáceas;Ceiba;Nativo/Autóctono;102738;101304;-34.6175;-58.4334
27722;3;30;0;222;Granado;Punica granatum;Arbusto o Herbacea;RIVADAVIA;RIVADAVIA, AV. - DOBLAS - ROSARIO - BEAUCHEF;Punicaceas;Punica;Exótico;102753;101326;-34.6173;-58.4333
27723;6;25;0;11;Jacarandá;Jacarandá mimosifolia;Árbol Latifoliado Caducifolio;RIVADAVIA;RIVADAVIA, AV. - DOBLAS - ROSARIO - BEAUCHEF;Bignoniáceas;Jacarandá;Nativo/Autóctono;102835;101355;-34.6171;-58.4324
27724;16;42;0;11;Jacarandá;Jacarandá mimosifolia;Árbol Latifoliado Caducifolio;RIVADAVIA;RIVADAVIA, AV. - DOBLAS - ROSARIO - BEAUCHEF;Bignoniáceas;Jacarandá;Nativo/Autóctono;102809;101346;-34.6171;-58.4327
27725;17;74;10;79;Magnolia;Magnolia grandiflora;Árbol Latifoliado Perenne;RIVADAVIA;RIVADAVIA, AV. - DOBLAS - ROSARIO - BEAUCHEF;Magnoliáceas;Magnolia;Exótico;102855;101368;-34.6169;-58.4322
27726;13;55;17;9;Ligustro;Ligustrum lucidum;Árbol Latifoliado Perenne;RIVADAVIA;RIVADAVIA, AV. - DOBLAS - ROSARIO - BEAUCHEF;Oleáceas;Ligustrum;Exótico;102702;101309;-34.6175;-58.4338
27727;21;60;0;25;Palo borracho rosado;Ceiba speciosa;Árbol Latifoliado Caducifolio;RIVADAVIA;RIVADAVIA, AV. - DOBLAS - ROSARIO - BEAUCHEF;Bombacáceas;Ceiba;Nativo/Autóctono;102703;101318;-34.6174;-58.4338
27728;3;28;14;380;Cotoneaster;Cotoneaster sp.;No Determinado;RIVADAVIA;RIVADAVIA, AV. - DOBLAS - ROSARIO - BEAUCHEF;Rosáceas;Cotoneaster;No Determinado;102755;101307;-34.6175;-58.4333
27729;2;10;0;375;Tuja;Thuja sp.;Árbol Conífero Perenne;RIVADAVIA;RIVADAVIA, AV. - DOBLAS - ROSARIO - BEAUCHEF;Cupresáceas;Thuja;Exótico;102738;101284;-34.6177;-58.4334
27794;16;26;7;4;Tilo;Tilia viridis subsp. x moltkei;Árbol Latifoliado Caducifolio;RIVADAVIA;RIVADAVIA, AV. - DOBLAS - ROSARIO - BEAUCHEF;Tiliaceas;Tilia;Exótico;102800;101247;-34.618;-58.4328
27791;2;6;6;25;Palo borracho rosado;Ceiba speciosa;Árbol Latifoliado Caducifolio;RIVADAVIA;RIVADAVIA, AV. - DOBLAS - ROSARIO - BEAUCHEF;Bombacáceas;Ceiba;Nativo/Autóctono;102794;101230;-34.6182;-58.4328
27792;11;69;0;25;Palo borracho rosado;Ceiba speciosa;Árbol Latifoliado Caducifolio;RIVADAVIA;RIVADAVIA, AV. - DOBLAS - ROSARIO - BEAUCHEF;Bombacáceas;Ceiba;Nativo/Autóctono;102787;101238;-34.6181;-58.4329
27793;10;95;0;79;Magnolia;Magnolia grandiflora;Árbol Latifoliado Perenne;RIVADAVIA;RIVADAVIA, AV. - DOBLAS - ROSARIO - BEAUCHEF;Magnoliáceas;Magnolia;Exótico;102812;101235;-34.6181;-58.4326
27796;1;8;6;190;Cedro blanco de California;Libocedrus decurrens for.aureo-variegata;Árbol Latifoliado Perenne;RIVADAVIA;RIVADAVIA, AV. - DOBLAS - ROSARIO - BEAUCHEF;Cupresáceas;Libocedrus;Exótico;102763;101235;-34.6181;-58.4332
37090;15;265;0;65;Ombú;Phytolacca dioica;Árbol Latifoliado Caducifolio;RIVADAVIA;RIVADAVIA, AV. - DOBLAS - ROSARIO - BEAUCHEF;Fitolacáceas;Phytolacca;Nativo/Autóctono;102844;101202;-34.6184;-58.4323
37091;16;43;10;93;Kauri de corteza lisa;Agathis robusta;Árbol Latifoliado Perenne;RIVADAVIA;RIVADAVIA, AV. - DOBLAS - ROSARIO - BEAUCHEF;Araucariaceas;Agathis;Exótico;102860;101183;-34.6186;-58.4321
37092;6;8;0;9;Ligustro;Ligustrum lucidum;Árbol Latifoliado Perenne;RIVADAVIA;RIVADAVIA, AV. - DOBLAS - ROSARIO - BEAUCHEF;Oleáceas;Ligustrum;Exótico;102821;101234;-34.6181;-58.4325
37093;13;66;12;79;Magnolia;Magnolia grandiflora;Árbol Latifoliado Perenne;RIVADAVIA;RIVADAVIA, AV. - DOBLAS - ROSARIO - BEAUCHEF;Magnoliáceas;Magnolia;Exótico;102826;101236;-34.6181;-58.4325
37094;6;12;0;79;Magnolia;Magnolia grandiflora;Árbol Latifoliado Perenne;RIVADAVIA;RIVADAVIA, AV. - DOBLAS - ROSARIO - BEAUCHEF;Magnoliáceas;Magnolia;Exótico;102830;101237;-34.6181;-58.4324
37095;7;15;0;79;Magnolia;Magnolia grandiflora;Árbol Latifoliado Perenne;RIVADAVIA;RIVADAVIA, AV. - DOBLAS - ROSARIO - BEAUCHEF;Magnoliáceas;Magnolia;Exótico;102866;101265;-34.6179;-58.4321
37096;22;48;8;45;Casuarina;Casuarina cunninghamiana;Árbol Latifoliado Perenne;RIVADAVIA;RIVADAVIA, AV. - DOBLAS - ROSARIO - BEAUCHEF;Casuarinaceas;Casuarina;Exótico;102857;101289;-34.6176;-58.4321
37097;22;63;0;65;Ombú;Phytolacca dioica;Árbol Latifoliado Caducifolio;RIVADAVIA;RIVADAVIA, AV. - DOBLAS - ROSARIO - BEAUCHEF;Fitolacáceas;Phytolacca;Nativo/Autóctono;102853;101287;-34.6177;-58.4322
37098;19;90;0;34;Olmo europeo;Ulmus procera;Árbol Latifoliado Caducifolio;RIVADAVIA;RIVADAVIA, AV. - DOBLAS - ROSARIO - BEAUCHEF;Ulmaceas;Ulmus;Exótico;102805;101373;-34.6169;-58.4327
37099;14;78;0;34;Olmo europeo;Ulmus procera;Árbol Latifoliado Caducifolio;RIVADAVIA;RIVADAVIA, AV. - DOBLAS - ROSARIO - BEAUCHEF;Ulmaceas;Ulmus;Exótico;102821;101381;-34.6168;-58.4325
37100;7;42;8;55;Fenix;Phoenix canariensis;Palmera;RIVADAVIA;RIVADAVIA, AV. - DOBLAS - ROSARIO - BEAUCHEF;Arecaceas;Phoenix;Exótico;102843;101382;-34.6168;-58.4323
37101;4;27;0;9;Ligustro;Ligustrum lucidum;Árbol Latifoliado Perenne;RIVADAVIA;RIVADAVIA, AV. - DOBLAS - ROSARIO - BEAUCHEF;Oleáceas;Ligustrum;Exótico;102670;101240;-34.6181;-58.4342
37102;4;8;6;79;Magnolia;Magnolia grandiflora;Árbol Latifoliado Perenne;RIVADAVIA;RIVADAVIA, AV. - DOBLAS - ROSARIO - BEAUCHEF;Magnoliáceas;Magnolia;Exótico;102822;101238;-34.6181;-58.4325
37103;5;7;0;79;Magnolia;Magnolia grandiflora;Árbol Latifoliado Perenne;RIVADAVIA;RIVADAVIA, AV. - DOBLAS - ROSARIO - BEAUCHEF;Magnoliáceas;Magnolia;Exótico;102830;101242;-34.6181;-58.4324
37104;6;7;6;79;Magnolia;Magnolia grandiflora;Árbol Latifoliado Perenne;RIVADAVIA;RIVADAVIA, AV. - DOBLAS - ROSARIO - BEAUCHEF;Magnoliáceas;Magnolia;Exótico;102836;101244;-34.618;-58.4324
37105;13;72;0;25;Palo borracho rosado;Ceiba speciosa;Árbol Latifoliado Caducifolio;RIVADAVIA;RIVADAVIA, AV. - DOBLAS - ROSARIO - BEAUCHEF;Bombacáceas;Ceiba;Nativo/Autóctono;102834;101251;-34.618;-58.4324
37106;5;26;20;331;Acacia;Acacia sp.;No Determinado;RIVADAVIA;RIVADAVIA, AV. - DOBLAS - ROSARIO - BEAUCHEF;Leguminosas;Acacia;No Determinado;102815;101266;-34.6179;-58.4326
37107;2;5;0;41;Ginkgo;Ginkgo biloba;Árbol Latifoliado Caducifolio;RIVADAVIA;RIVADAVIA, AV. - DOBLAS - ROSARIO - BEAUCHEF;Ginkgoaceas;Ginkgo;Exótico;102794;101312;-34.6174;-58.4328
37108;23;88;0;45;Casuarina;Casuarina cunninghamiana;Árbol Latifoliado Perenne;RIVADAVIA;RIVADAVIA, AV. - DOBLAS - ROSARIO - BEAUCHEF;Casuarinaceas;Casuarina;Exótico;102789;101332;-34.6173;-58.4329
37109;12;145;12;65;Ombú;Phytolacca dioica;Árbol Latifoliado Caducifolio;RIVADAVIA;RIVADAVIA, AV. - DOBLAS - ROSARIO - BEAUCHEF;Fitolacáceas;Phytolacca;Nativo/Autóctono;102861;101249;-34.618;-58.4321
37110;4;7;6;79;Magnolia;Magnolia grandiflora;Árbol Latifoliado Perenne;RIVADAVIA;RIVADAVIA, AV. - DOBLAS - ROSARIO - BEAUCHEF;Magnoliáceas;Magnolia;Exótico;102863;101258;-34.6179;-58.4321
37111;33;7;0;93;Kauri de corteza lisa;Agathis robusta;Árbol Latifoliado Perenne;RIVADAVIA;RIVADAVIA, AV. - DOBLAS - ROSARIO - BEAUCHEF;Araucariaceas;Agathis;Exótico;102698;101161;-34.6188;-58.4339
37112;33;68;0;93;Kauri de corteza lisa;Agathis robusta;Árbol Latifoliado Perenne;RIVADAVIA;RIVADAVIA, AV. - DOBLAS - ROSARIO - BEAUCHEF;Araucariaceas;Agathis;Exótico;102709;101164;-34.6188;-58.4338
37113;11;30;0;14;Álamo plateado;Populus alba;Árbol Latifoliado Caducifolio;RIVADAVIA;RIVADAVIA, AV. - DOBLAS - ROSARIO - BEAUCHEF;Salicáceas;Populus;Exótico;102731;101175;-34.6187;-58.4335
37123;19;38;26;81;Celtis tala;Celtis ehrembergiana;Árbol Latifoliado Caducifolio;RIVADAVIA;RIVADAVIA, AV. - DOBLAS - ROSARIO - BEAUCHEF;Ulmaceas;Celtis;Nativo/Autóctono;102635;101163;-34.6188;-58.4346
37124;22;38;0;17;Árbol del cielo (Ailanto o Árbol de los dioses);Ailanthus altissima;Árbol Latifoliado Caducifolio;RIVADAVIA;RIVADAVIA, AV. - DOBLAS - ROSARIO - BEAUCHEF;Simarrubáceas;Ailanthus;Exótico;102605;101237;-34.6181;-58.4349
37125;18;32;0;96;Pino de las canarias;Pinus canariensis;Árbol Latifoliado Caducifolio;RIVADAVIA;RIVADAVIA, AV. - DOBLAS - ROSARIO - BEAUCHEF;Pináceas;Pinus;Exótico;102597;101253;-34.618;-58.435
37126;7;22;0;13;Fresno (Fresno común);Fraxinus excelsior;Árbol Latifoliado Caducifolio;RIVADAVIA;RIVADAVIA, AV. - DOBLAS - ROSARIO - BEAUCHEF;Oleáceas;Fraxinus;Exótico;102646;101171;-34.6187;-58.4345
37127;4;20;15;18;Gomero;Ficus elastica;Árbol Latifoliado Perenne;RIVADAVIA;RIVADAVIA, AV. - DOBLAS - ROSARIO - BEAUCHEF;Moráceas;Ficus;Exótico;102642;101175;-34.6187;-58.4345
37128;6;25;12;77;Ciprés;Cupressus sempervirens;Árbol Conífero Perenne;RIVADAVIA;RIVADAVIA, AV. - DOBLAS - ROSARIO - BEAUCHEF;Cupresáceas;Cupressus;Exótico;102755;101250;-34.618;-58.4333
37129;11;115;0;55;Fenix;Phoenix canariensis;Palmera;RIVADAVIA;RIVADAVIA, AV. - DOBLAS - ROSARIO - BEAUCHEF;Arecaceas;Phoenix;Exótico;102776;101261;-34.6179;-58.433
37130;6;19;15;31;Ceibo;Erythrina crista-galli;Árbol Latifoliado Caducifolio;RIVADAVIA;RIVADAVIA, AV. - DOBLAS - ROSARIO - BEAUCHEF;Leguminosas;Erythrina;Nativo/Autóctono;102744;101164;-34.6188;-58.4334
37131;14;60;25;9;Ligustro;Ligustrum lucidum;Árbol Latifoliado Perenne;RIVADAVIA;RIVADAVIA, AV. - DOBLAS - ROSARIO - BEAUCHEF;Oleáceas;Ligustrum;Exótico;102753;101185;-34.6186;-58.4333
37132;6;10;0;79;Magnolia;Magnolia grandiflora;Árbol Latifoliado Perenne;RIVADAVIA;RIVADAVIA, AV. - DOBLAS - ROSARIO - BEAUCHEF;Magnoliáceas;Magnolia;Exótico;102750;101217;-34.6183;-58.4333
37133;5;8;2;79;Magnolia;Magnolia grandiflora;Árbol Latifoliado Perenne;RIVADAVIA;RIVADAVIA, AV. - DOBLAS - ROSARIO - BEAUCHEF;Magnoliáceas;Magnolia;Exótico;102745;101216;-34.6183;-58.4334
37134;2;17;18;31;Ceibo;Erythrina crista-galli;Árbol Latifoliado Caducifolio;RIVADAVIA;RIVADAVIA, AV. - DOBLAS - ROSARIO - BEAUCHEF;Leguminosas;Erythrina;Nativo/Autóctono;102742;101220;-34.6183;-58.4334
37135;3;9;0;79;Magnolia;Magnolia grandiflora;Árbol Latifoliado Perenne;RIVADAVIA;RIVADAVIA, AV. - DOBLAS - ROSARIO - BEAUCHEF;Magnoliáceas;Magnolia;Exótico;102740;101214;-34.6183;-58.4334
37136;15;210;0;64;Almez (Almecino o Almecina);Celtis australis;Árbol Latifoliado Caducifolio;RIVADAVIA;RIVADAVIA, AV. - DOBLAS - ROSARIO - BEAUCHEF;Ulmaceas;Celtis;Exótico;102735;101244;-34.6181;-58.4335
37137;18;10;0;81;Celtis tala;Celtis ehrembergiana;Árbol Latifoliado Caducifolio;RIVADAVIA;RIVADAVIA, AV. - DOBLAS - ROSARIO - BEAUCHEF;Ulmaceas;Celtis;Nativo/Autóctono;102611;101260;-34.6179;-58.4348
37138;17;40;0;14;Álamo plateado;Populus alba;Árbol Latifoliado Caducifolio;RIVADAVIA;RIVADAVIA, AV. - DOBLAS - ROSARIO - BEAUCHEF;Salicáceas;Populus;Exótico;102676;101165;-34.6188;-58.4341
37139;17;140;0;9;Ligustro;Ligustrum lucidum;Árbol Latifoliado Perenne;RIVADAVIA;RIVADAVIA, AV. - DOBLAS - ROSARIO - BEAUCHEF;Oleáceas;Ligustrum;Exótico;102670;101172;-34.6187;-58.4342
37140;2;6;0;79;Magnolia;Magnolia grandiflora;Árbol Latifoliado Perenne;RIVADAVIA;RIVADAVIA, AV. - DOBLAS - ROSARIO - BEAUCHEF;Magnoliáceas;Magnolia;Exótico;102665;101189;-34.6185;-58.4342
37141;14;60;0;75;Palo borracho blanco;Ceiba chodatti;Árbol Latifoliado Caducifolio;RIVADAVIA;RIVADAVIA, AV. - DOBLAS - ROSARIO - BEAUCHEF;Bombacáceas;Ceiba;Nativo/Autóctono;102720;101188;-34.6186;-58.4336
37142;8;30;12;65;Ombú;Phytolacca dioica;Árbol Latifoliado Caducifolio;RIVADAVIA;RIVADAVIA, AV. - DOBLAS - ROSARIO - BEAUCHEF;Fitolacáceas;Phytolacca;Nativo/Autóctono;102685;101288;-34.6177;-58.434
37143;13;74;0;81;Celtis tala;Celtis ehrembergiana;Árbol Latifoliado Caducifolio;RIVADAVIA;RIVADAVIA, AV. - DOBLAS - ROSARIO - BEAUCHEF;Ulmaceas;Celtis;Nativo/Autóctono;102751;101197;-34.6185;-58.4333
37144;5;11;0;79;Magnolia;Magnolia grandiflora;Árbol Latifoliado Perenne;RIVADAVIA;RIVADAVIA, AV. - DOBLAS - ROSARIO - BEAUCHEF;Magnoliáceas;Magnolia;Exótico;102756;101215;-34.6183;-58.4332
37145;28;90;9;140;Falso Alcanforero;Cinnamomum glanduliferum;Árbol Latifoliado Perenne;RIVADAVIA;RIVADAVIA, AV. - DOBLAS - ROSARIO - BEAUCHEF;Lauráceas;Cinnamomun;Exótico;102855;101339;-34.6172;-58.4322
37146;13;36;0;13;Fresno (Fresno común);Fraxinus excelsior;Árbol Latifoliado Caducifolio;RIVADAVIA;RIVADAVIA, AV. - DOBLAS - ROSARIO - BEAUCHEF;Oleáceas;Fraxinus;Exótico;102598;101270;-34.6178;-58.435
37147;6;16;8;107;Sauce llorón;Salix babylonica;Árbol Latifoliado Caducifolio;RIVADAVIA;RIVADAVIA, AV. - DOBLAS - ROSARIO - BEAUCHEF;Salicáceas;Salix;Exótico;102838;101317;-34.6174;-58.4324
37148;13;135;22;79;Magnolia;Magnolia grandiflora;Árbol Latifoliado Perenne;RIVADAVIA;RIVADAVIA, AV. - DOBLAS - ROSARIO - BEAUCHEF;Magnoliáceas;Magnolia;Exótico;102837;101325;-34.6173;-58.4324
37149;23;114;0;34;Olmo europeo;Ulmus procera;Árbol Latifoliado Caducifolio;RIVADAVIA;RIVADAVIA, AV. - DOBLAS - ROSARIO - BEAUCHEF;Ulmaceas;Ulmus;Exótico;102823;101319;-34.6174;-58.4325
37150;23;93;8;34;Olmo europeo;Ulmus procera;Árbol Latifoliado Caducifolio;RIVADAVIA;RIVADAVIA, AV. - DOBLAS - ROSARIO - BEAUCHEF;Ulmaceas;Ulmus;Exótico;102818;101322;-34.6173;-58.4326
37151;24;122;12;34;Olmo europeo;Ulmus procera;Árbol Latifoliado Caducifolio;RIVADAVIA;RIVADAVIA, AV. - DOBLAS - ROSARIO - BEAUCHEF;Ulmaceas;Ulmus;Exótico;102821;101325;-34.6173;-58.4325
37152;30;67;0;73;Bunya-bunya (Araucaria de Bidwill);Araucaria bidwillii;Árbol Conífero Perenne;RIVADAVIA;RIVADAVIA, AV. - DOBLAS - ROSARIO - BEAUCHEF;Araucariaceas;Araucaria;Exótico;102797;101165;-34.6188;-58.4328
38125;11;90;0;14;Álamo plateado;Populus alba;Árbol Latifoliado Caducifolio;RIVADAVIA;RIVADAVIA, AV. - DOBLAS - ROSARIO - BEAUCHEF;Salicáceas;Populus;Exótico;102628;101256;-34.6179;-58.4346
38123;15;20;0;14;Álamo plateado;Populus alba;Árbol Latifoliado Caducifolio;RIVADAVIA;RIVADAVIA, AV. - DOBLAS - ROSARIO - BEAUCHEF;Salicáceas;Populus;Exótico;102625;101250;-34.618;-58.4347
38124;15;90;0;14;Álamo plateado;Populus alba;Árbol Latifoliado Caducifolio;RIVADAVIA;RIVADAVIA, AV. - DOBLAS - ROSARIO - BEAUCHEF;Salicáceas;Populus;Exótico;102626;101253;-34.618;-58.4347
38131;4;11;5;79;Magnolia;Magnolia grandiflora;Árbol Latifoliado Perenne;RIVADAVIA;RIVADAVIA, AV. - DOBLAS - ROSARIO - BEAUCHEF;Magnoliáceas;Magnolia;Exótico;102654;101190;-34.6185;-58.4344
38132;4;9;0;79;Magnolia;Magnolia grandiflora;Árbol Latifoliado Perenne;RIVADAVIA;RIVADAVIA, AV. - DOBLAS - ROSARIO - BEAUCHEF;Magnoliáceas;Magnolia;Exótico;102669;101195;-34.6185;-58.4342
38133;4;7;0;79;Magnolia;Magnolia grandiflora;Árbol Latifoliado Perenne;RIVADAVIA;RIVADAVIA, AV. - DOBLAS - ROSARIO - BEAUCHEF;Magnoliáceas;Magnolia;Exótico;102675;101196;-34.6185;-58.4341
38134;5;9;4;79;Magnolia;Magnolia grandiflora;Árbol Latifoliado Perenne;RIVADAVIA;RIVADAVIA, AV. - DOBLAS - ROSARIO - BEAUCHEF;Magnoliáceas;Magnolia;Exótico;102685;101199;-34.6185;-58.434
38135;8;13;1;79;Magnolia;Magnolia grandiflora;Árbol Latifoliado Perenne;RIVADAVIA;RIVADAVIA, AV. - DOBLAS - ROSARIO - BEAUCHEF;Magnoliáceas;Magnolia;Exótico;102702;101204;-34.6184;-58.4338
38136;8;97;0;9;Ligustro;Ligustrum lucidum;Árbol Latifoliado Perenne;RIVADAVIA;RIVADAVIA, AV. - DOBLAS - ROSARIO - BEAUCHEF;Oleáceas;Ligustrum;Exótico;102715;101239;-34.6181;-58.4337
38137;8;27;5;33;Morera blanca;Morus alba;Árbol Latifoliado Caducifolio;RIVADAVIA;RIVADAVIA, AV. - DOBLAS - ROSARIO - BEAUCHEF;Moráceas;Morus;Exótico;102704;101235;-34.6181;-58.4338
38138;6;9;10;39;Lapacho amarillo;Tabebuia chrysotricha;Árbol Latifoliado Caducifolio;RIVADAVIA;RIVADAVIA, AV. - DOBLAS - ROSARIO - BEAUCHEF;Bignoniáceas;Tabebuia;Nativo/Autóctono;102704;101222;-34.6183;-58.4338
38139;12;22;4;39;Lapacho amarillo;Tabebuia chrysotricha;Árbol Latifoliado Caducifolio;RIVADAVIA;RIVADAVIA, AV. - DOBLAS - ROSARIO - BEAUCHEF;Bignoniáceas;Tabebuia;Nativo/Autóctono;102664;101219;-34.6183;-58.4343
38140;10;25;7;39;Lapacho amarillo;Tabebuia chrysotricha;Árbol Latifoliado Caducifolio;RIVADAVIA;RIVADAVIA, AV. - DOBLAS - ROSARIO - BEAUCHEF;Bignoniáceas;Tabebuia;Nativo/Autóctono;102662;101198;-34.6185;-58.4343
38141;9;22;9;39;Lapacho amarillo;Tabebuia chrysotricha;Árbol Latifoliado Caducifolio;RIVADAVIA;RIVADAVIA, AV. - DOBLAS - ROSARIO - BEAUCHEF;Bignoniáceas;Tabebuia;Nativo/Autóctono;102673;101203;-34.6184;-58.4342
38142;12;25;3;39;Lapacho amarillo;Tabebuia chrysotricha;Árbol Latifoliado Caducifolio;RIVADAVIA;RIVADAVIA, AV. - DOBLAS - ROSARIO - BEAUCHEF;Bignoniáceas;Tabebuia;Nativo/Autóctono;102676;101208;-34.6184;-58.4341
38143;2;50;6;9;Ligustro;Ligustrum lucidum;Árbol Latifoliado Perenne;RIVADAVIA;RIVADAVIA, AV. - DOBLAS - ROSARIO - BEAUCHEF;Oleáceas;Ligustrum;Exótico;102688;101214;-34.6183;-58.434
38144;12;57;3;9;Ligustro;Ligustrum lucidum;Árbol Latifoliado Perenne;RIVADAVIA;RIVADAVIA, AV. - DOBLAS - ROSARIO - BEAUCHEF;Oleáceas;Ligustrum;Exótico;102683;101205;-34.6184;-58.4341
38146;17;54;0;15;Álamo carolina;Populus deltoides;Árbol Latifoliado Caducifolio;RIVADAVIA;RIVADAVIA, AV. - DOBLAS - ROSARIO - BEAUCHEF;Salicáceas;Populus;Exótico;102673;101278;-34.6177;-58.4342
38147;17;58;0;45;Casuarina;Casuarina cunninghamiana;Árbol Latifoliado Perenne;RIVADAVIA;RIVADAVIA, AV. - DOBLAS - ROSARIO - BEAUCHEF;Casuarinaceas;Casuarina;Exótico;102673;101275;-34.6178;-58.4342
38148;9;43;16;9;Ligustro;Ligustrum lucidum;Árbol Latifoliado Perenne;RIVADAVIA;RIVADAVIA, AV. - DOBLAS - ROSARIO - BEAUCHEF;Oleáceas;Ligustrum;Exótico;102691;101275;-34.6178;-58.434
38175;18;45;25;11;Jacarandá;Jacarandá mimosifolia;Árbol Latifoliado Caducifolio;RIVADAVIA;RIVADAVIA, AV. - DOBLAS - ROSARIO - BEAUCHEF;Bignoniáceas;Jacarandá;Nativo/Autóctono;102646;101217;-34.6183;-58.4345
38176;19;50;10;46;Ibirá pitá;Peltophorum dubium;Árbol Latifoliado Perenne;RIVADAVIA;RIVADAVIA, AV. - DOBLAS - ROSARIO - BEAUCHEF;Leguminosas;Peltophorum;Nativo/Autóctono;102639;101212;-34.6183;-58.4345
38489;5;23;0;380;Cotoneaster;Cotoneaster sp.;No Determinado;RIVADAVIA;RIVADAVIA, AV. - DOBLAS - ROSARIO - BEAUCHEF;Rosáceas;Cotoneaster;No Determinado;102749;101331;-34.6173;-58.4333
40605;14;24;0;363;Prunus;Prunus sp.;No Determinado;RIVADAVIA;RIVADAVIA, AV. - DOBLAS - ROSARIO - BEAUCHEF;Rosáceas;Prunus;Exótico;102654;101174;-34.6187;-58.4344
40606;6;11;15;333;Arce;Acer sp.;No Determinado;RIVADAVIA;RIVADAVIA, AV. - DOBLAS - ROSARIO - BEAUCHEF;Aceráceas;Acer;Exótico;102804;101197;-34.6185;-58.4327
41217;3;140;0;138;Palmito;Chamaerops humilis;Palmera;RIVADAVIA;RIVADAVIA, AV. - DOBLAS - ROSARIO - BEAUCHEF;Arecaceas;Chamaerops;Exótico;102720;101320;-34.6174;-58.4336
40599;8;18;14;369;Lapacho;Tabebuia sp.;No Determinado;RIVADAVIA;RIVADAVIA, AV. - DOBLAS - ROSARIO - BEAUCHEF;Bignoniáceas;Tabebuia;No Determinado;102833;101174;-34.6187;-58.4324
40600;4;14;0;369;Lapacho;Tabebuia sp.;No Determinado;RIVADAVIA;RIVADAVIA, AV. - DOBLAS - ROSARIO - BEAUCHEF;Bignoniáceas;Tabebuia;No Determinado;102818;101376;-34.6169;-58.4326
40601;3;20;10;999;No Determinable;No Determinable;No Determinado;RIVADAVIA;RIVADAVIA, AV. - DOBLAS - ROSARIO - BEAUCHEF;No identificada;No identificado;No Determinado;102825;101274;-34.6178;-58.4325
40602;8;19;0;369;Lapacho;Tabebuia sp.;No Determinado;RIVADAVIA;RIVADAVIA, AV. - DOBLAS - ROSARIO - BEAUCHEF;Bignoniáceas;Tabebuia;No Determinado;102619;101287;-34.6177;-58.4347
40603;8;20;0;369;Lapacho;Tabebuia sp.;No Determinado;RIVADAVIA;RIVADAVIA, AV. - DOBLAS - ROSARIO - BEAUCHEF;Bignoniáceas;Tabebuia;No Determinado;102627;101293;-34.6176;-58.4347
40604;1;32;15;999;No Determinable;No Determinable;No Determinado;RIVADAVIA;RIVADAVIA, AV. - DOBLAS - ROSARIO - BEAUCHEF;No identificada;No identificado;No Determinado;102769;101264;-34.6179;-58.4331
41205;5;8;0;79;Magnolia;Magnolia grandiflora;Árbol Latifoliado Perenne;RIVADAVIA;RIVADAVIA, AV. - DOBLAS - ROSARIO - BEAUCHEF;Magnoliáceas;Magnolia;Exótico;102791;101226;-34.6182;-58.4329
41206;5;8;0;79;Magnolia;Magnolia grandiflora;Árbol Latifoliado Perenne;RIVADAVIA;RIVADAVIA, AV. - DOBLAS - ROSARIO - BEAUCHEF;Magnoliáceas;Magnolia;Exótico;102797;101227;-34.6182;-58.4328
41207;6;8;0;79;Magnolia;Magnolia grandiflora;Árbol Latifoliado Perenne;RIVADAVIA;RIVADAVIA, AV. - DOBLAS - ROSARIO - BEAUCHEF;Magnoliáceas;Magnolia;Exótico;102814;101232;-34.6182;-58.4326
41208;22;86;0;75;Palo borracho blanco;Ceiba chodatti;Árbol Latifoliado Caducifolio;RIVADAVIA;RIVADAVIA, AV. - DOBLAS - ROSARIO - BEAUCHEF;Bombacáceas;Ceiba;Nativo/Autóctono;102823;101217;-34.6183;-58.4325
41209;1;4;0;17;Árbol del cielo (Ailanto o Árbol de los dioses);Ailanthus altissima;Árbol Latifoliado Caducifolio;RIVADAVIA;RIVADAVIA, AV. - DOBLAS - ROSARIO - BEAUCHEF;Simarrubáceas;Ailanthus;Exótico;102631;101161;-34.6188;-58.4346
41210;3;4;0;7;Arce negundo;Acer negundo;Árbol Latifoliado Caducifolio;RIVADAVIA;RIVADAVIA, AV. - DOBLAS - ROSARIO - BEAUCHEF;Aceráceas;Acer;Exótico;102618;101193;-34.6185;-58.4348
41211;2;30;0;71;Araucaria (Araucaria de pisos);Araucaria heterophylla;Árbol Conífero Perenne;RIVADAVIA;RIVADAVIA, AV. - DOBLAS - ROSARIO - BEAUCHEF;Araucariaceas;Araucaria;Exótico;102887;101232;-34.6182;-58.4318
41212;16;48;15;81;Celtis tala;Celtis ehrembergiana;Árbol Latifoliado Caducifolio;RIVADAVIA;RIVADAVIA, AV. - DOBLAS - ROSARIO - BEAUCHEF;Ulmaceas;Celtis;Nativo/Autóctono;102606;101264;-34.6179;-58.4349
41213;20;35;12;387;Podocarpus;Podocarpus sp.;Árbol Conífero Perenne;RIVADAVIA;RIVADAVIA, AV. - DOBLAS - ROSARIO - BEAUCHEF;Podocarpaceae;Podocarpus;Exótico;102745;101340;-34.6172;-58.4334
41214;18;28;8;357;Fenix;Phoenix sp.;Palmera;RIVADAVIA;RIVADAVIA, AV. - DOBLAS - ROSARIO - BEAUCHEF;Arecaceas;Phoenix;Exótico;102716;101312;-34.6174;-58.4337
41215;12;45;2;41;Ginkgo;Ginkgo biloba;Árbol Latifoliado Caducifolio;RIVADAVIA;RIVADAVIA, AV. - DOBLAS - ROSARIO - BEAUCHEF;Ginkgoaceas;Ginkgo;Exótico;102764;101301;-34.6175;-58.4332
41216;10;26;4;29;Mimosa (Aromo francés);Acacia dealbata;Árbol Latifoliado Perenne;RIVADAVIA;RIVADAVIA, AV. - DOBLAS - ROSARIO - BEAUCHEF;Leguminosas;Acacia;Exótico;102742;101289;-34.6176;-58.4334
41218;15;140;0;79;Magnolia;Magnolia grandiflora;Árbol Latifoliado Perenne;RIVADAVIA;RIVADAVIA, AV. - DOBLAS - ROSARIO - BEAUCHEF;Magnoliáceas;Magnolia;Exótico;102723;101313;-34.6174;-58.4336
41219;18;160;0;79;Magnolia;Magnolia grandiflora;Árbol Latifoliado Perenne;RIVADAVIA;RIVADAVIA, AV. - DOBLAS - ROSARIO - BEAUCHEF;Magnoliáceas;Magnolia;Exótico;102728;101312;-34.6174;-58.4335
41220;6;35;0;222;Granado;Punica granatum;Arbusto o Herbacea;RIVADAVIA;RIVADAVIA, AV. - DOBLAS - ROSARIO - BEAUCHEF;Punicaceas;Punica;Exótico;102736;101308;-34.6175;-58.4335
41221;1;35;0;55;Fenix;Phoenix canariensis;Palmera;RIVADAVIA;RIVADAVIA, AV. - DOBLAS - ROSARIO - BEAUCHEF;Arecaceas;Phoenix;Exótico;102751;101325;-34.6173;-58.4333
41222;13;75;0;34;Olmo europeo;Ulmus procera;Árbol Latifoliado Caducifolio;RIVADAVIA;RIVADAVIA, AV. - DOBLAS - ROSARIO - BEAUCHEF;Ulmaceas;Ulmus;Exótico;102808;101344;-34.6171;-58.4327
41223;13;78;0;34;Olmo europeo;Ulmus procera;Árbol Latifoliado Caducifolio;RIVADAVIA;RIVADAVIA, AV. - DOBLAS - ROSARIO - BEAUCHEF;Ulmaceas;Ulmus;Exótico;102807;101347;-34.6171;-58.4327
41224;7;65;62;79;Magnolia;Magnolia grandiflora;Árbol Latifoliado Perenne;RIVADAVIA;RIVADAVIA, AV. - DOBLAS - ROSARIO - BEAUCHEF;Magnoliáceas;Magnolia;Exótico;102854;101370;-34.6169;-58.4322
41225;22;20;12;9;Ligustro;Ligustrum lucidum;Árbol Latifoliado Perenne;RIVADAVIA;RIVADAVIA, AV. - DOBLAS - ROSARIO - BEAUCHEF;Oleáceas;Ligustrum;Exótico;102705;101292;-34.6176;-58.4338
41226;13;55;17;25;Palo borracho rosado;Ceiba speciosa;Árbol Latifoliado Caducifolio;RIVADAVIA;RIVADAVIA, AV. - DOBLAS - ROSARIO - BEAUCHEF;Bombacáceas;Ceiba;Nativo/Autóctono;102689;101314;-34.6174;-58.434
41227;3;19;47;380;Cotoneaster;Cotoneaster sp.;No Determinado;RIVADAVIA;RIVADAVIA, AV. - DOBLAS - ROSARIO - BEAUCHEF;Rosáceas;Cotoneaster;No Determinado;102734;101322;-34.6173;-58.4335
41228;4;32;10;380;Cotoneaster;Cotoneaster sp.;No Determinado;RIVADAVIA;RIVADAVIA, AV. - DOBLAS - ROSARIO - BEAUCHEF;Rosáceas;Cotoneaster;No Determinado;102733;101327;-34.6173;-58.4335
41264;14;35;0;25;Palo borracho rosado;Ceiba speciosa;Árbol Latifoliado Caducifolio;RIVADAVIA;RIVADAVIA, AV. - DOBLAS - ROSARIO - BEAUCHEF;Bombacáceas;Ceiba;Nativo/Autóctono;102803;101233;-34.6182;-58.4327
41265;16;34;0;4;Tilo;Tilia viridis subsp. x moltkei;Árbol Latifoliado Caducifolio;RIVADAVIA;RIVADAVIA, AV. - DOBLAS - ROSARIO - BEAUCHEF;Tiliaceas;Tilia;Exótico;102802;101244;-34.618;-58.4327
41266;2;10;6;190;Cedro blanco de California;Libocedrus decurrens for.aureo-variegata;Árbol Latifoliado Perenne;RIVADAVIA;RIVADAVIA, AV. - DOBLAS - ROSARIO - BEAUCHEF;Cupresáceas;Libocedrus;Exótico;102761;101236;-34.6181;-58.4332
41299;7;10;5;11;Jacarandá;Jacarandá mimosifolia;Árbol Latifoliado Caducifolio;RIVADAVIA;RIVADAVIA, AV. - DOBLAS - ROSARIO - BEAUCHEF;Bignoniáceas;Jacarandá;Nativo/Autóctono;102881;101245;-34.618;-58.4319
47952;13;60;0;9;Ligustro;Ligustrum lucidum;Árbol Latifoliado Perenne;RIVADAVIA;RIVADAVIA, AV. - DOBLAS - ROSARIO - BEAUCHEF;Oleáceas;Ligustrum;Exótico;102646;101293;-34.6176;-58.4345
48037;5;11;4;11;Jacarandá;Jacarandá mimosifolia;Árbol Latifoliado Caducifolio;RIVADAVIA;RIVADAVIA, AV. - DOBLAS - ROSARIO - BEAUCHEF;Bignoniáceas;Jacarandá;Nativo/Autóctono;102829;101293;-34.6176;-58.4324
50438;5;9;0;79;Magnolia;Magnolia grandiflora;Árbol Latifoliado Perenne;RIVADAVIA;RIVADAVIA, AV. - DOBLAS - ROSARIO - BEAUCHEF;Magnoliáceas;Magnolia;Exótico;102835;101240;-34.6181;-58.4324
50436;4;9;0;81;Celtis tala;Celtis ehrembergiana;Árbol Latifoliado Caducifolio;RIVADAVIA;RIVADAVIA, AV. - DOBLAS - ROSARIO - BEAUCHEF;Ulmaceas;Celtis;Nativo/Autóctono;102876;101178;-34.6186;-58.4319
50437;35;76;0;93;Kauri de corteza lisa;Agathis robusta;Árbol Latifoliado Perenne;RIVADAVIA;RIVADAVIA, AV. - DOBLAS - ROSARIO - BEAUCHEF;Araucariaceas;Agathis;Exótico;102861;101177;-34.6187;-58.4321
50439;2;6;12;79;Magnolia;Magnolia grandiflora;Árbol Latifoliado Perenne;RIVADAVIA;RIVADAVIA, AV. - DOBLAS - ROSARIO - BEAUCHEF;Magnoliáceas;Magnolia;Exótico;102859;101261;-34.6179;-58.4321
50440;15;32;21;11;Jacarandá;Jacarandá mimosifolia;Árbol Latifoliado Caducifolio;RIVADAVIA;RIVADAVIA, AV. - DOBLAS - ROSARIO - BEAUCHEF;Bignoniáceas;Jacarandá;Nativo/Autóctono;102870;101274;-34.6178;-58.432
50441;23;71;0;65;Ombú;Phytolacca dioica;Árbol Latifoliado Caducifolio;RIVADAVIA;RIVADAVIA, AV. - DOBLAS - ROSARIO - BEAUCHEF;Fitolacáceas;Phytolacca;Nativo/Autóctono;102855;101289;-34.6176;-58.4322
50442;21;84;4;45;Casuarina;Casuarina cunninghamiana;Árbol Latifoliado Perenne;RIVADAVIA;RIVADAVIA, AV. - DOBLAS - ROSARIO - BEAUCHEF;Casuarinaceas;Casuarina;Exótico;102850;101290;-34.6176;-58.4322
50443;6;88;0;55;Fenix;Phoenix canariensis;Palmera;RIVADAVIA;RIVADAVIA, AV. - DOBLAS - ROSARIO - BEAUCHEF;Arecaceas;Phoenix;Exótico;102839;101382;-34.6168;-58.4323
50444;13;95;3;9;Ligustro;Ligustrum lucidum;Árbol Latifoliado Perenne;RIVADAVIA;RIVADAVIA, AV. - DOBLAS - ROSARIO - BEAUCHEF;Oleáceas;Ligustrum;Exótico;102667;101243;-34.6181;-58.4342
50445;15;120;0;9;Ligustro;Ligustrum lucidum;Árbol Latifoliado Perenne;RIVADAVIA;RIVADAVIA, AV. - DOBLAS - ROSARIO - BEAUCHEF;Oleáceas;Ligustrum;Exótico;102673;101250;-34.618;-58.4342
50446;8;20;2;43;Pata de vaca  (Pezuña de vaca);Bauhinia forticata;Árbol Latifoliado Caducifolio;RIVADAVIA;RIVADAVIA, AV. - DOBLAS - ROSARIO - BEAUCHEF;Leguminosas;Bauhinia;Nativo/Autóctono;102701;101258;-34.6179;-58.4339
50447;12;60;0;25;Palo borracho rosado;Ceiba speciosa;Árbol Latifoliado Caducifolio;RIVADAVIA;RIVADAVIA, AV. - DOBLAS - ROSARIO - BEAUCHEF;Bombacáceas;Ceiba;Nativo/Autóctono;102838;101254;-34.618;-58.4324
50448;1;16;15;331;Acacia;Acacia sp.;No Determinado;RIVADAVIA;RIVADAVIA, AV. - DOBLAS - ROSARIO - BEAUCHEF;Leguminosas;Acacia;No Determinado;102815;101269;-34.6178;-58.4326
50449;14;38;7;4;Tilo;Tilia viridis subsp. x moltkei;Árbol Latifoliado Caducifolio;RIVADAVIA;RIVADAVIA, AV. - DOBLAS - ROSARIO - BEAUCHEF;Tiliaceas;Tilia;Exótico;102800;101252;-34.618;-58.4328
50450;14;38;5;4;Tilo;Tilia viridis subsp. x moltkei;Árbol Latifoliado Caducifolio;RIVADAVIA;RIVADAVIA, AV. - DOBLAS - ROSARIO - BEAUCHEF;Tiliaceas;Tilia;Exótico;102811;101241;-34.6181;-58.4327
50451;7;20;0;362;Prosopis;Prosopis sp.;No Determinado;RIVADAVIA;RIVADAVIA, AV. - DOBLAS - ROSARIO - BEAUCHEF;Leguminosas;Prosopis;No Determinado;102788;101316;-34.6174;-58.4329
50452;21;108;6;34;Olmo europeo;Ulmus procera;Árbol Latifoliado Caducifolio;RIVADAVIA;RIVADAVIA, AV. - DOBLAS - ROSARIO - BEAUCHEF;Ulmaceas;Ulmus;Exótico;102854;101312;-34.6174;-58.4322
50453;18;65;8;37;Roble común;Quercus robur;Árbol Latifoliado Caducifolio;RIVADAVIA;RIVADAVIA, AV. - DOBLAS - ROSARIO - BEAUCHEF;Fagáceas;Quercus;Exótico;102873;101333;-34.6172;-58.432
50454;5;10;11;79;Magnolia;Magnolia grandiflora;Árbol Latifoliado Perenne;RIVADAVIA;RIVADAVIA, AV. - DOBLAS - ROSARIO - BEAUCHEF;Magnoliáceas;Magnolia;Exótico;102856;101251;-34.618;-58.4322
50455;12;85;10;79;Magnolia;Magnolia grandiflora;Árbol Latifoliado Perenne;RIVADAVIA;RIVADAVIA, AV. - DOBLAS - ROSARIO - BEAUCHEF;Magnoliáceas;Magnolia;Exótico;102876;101261;-34.6179;-58.4319
50456;33;82;0;93;Kauri de corteza lisa;Agathis robusta;Árbol Latifoliado Perenne;RIVADAVIA;RIVADAVIA, AV. - DOBLAS - ROSARIO - BEAUCHEF;Araucariaceas;Agathis;Exótico;102716;101169;-34.6187;-58.4337
50464;10;30;22;81;Celtis tala;Celtis ehrembergiana;Árbol Latifoliado Caducifolio;RIVADAVIA;RIVADAVIA, AV. - DOBLAS - ROSARIO - BEAUCHEF;Ulmaceas;Celtis;Nativo/Autóctono;102644;101149;-34.6189;-58.4345
50465;17;36;11;77;Ciprés;Cupressus sempervirens;Árbol Conífero Perenne;RIVADAVIA;RIVADAVIA, AV. - DOBLAS - ROSARIO - BEAUCHEF;Cupresáceas;Cupressus;Exótico;102758;101251;-34.618;-58.4332
50466;6;16;5;77;Ciprés;Cupressus sempervirens;Árbol Conífero Perenne;RIVADAVIA;RIVADAVIA, AV. - DOBLAS - ROSARIO - BEAUCHEF;Cupresáceas;Cupressus;Exótico;102763;101253;-34.618;-58.4332
50467;32;92;12;152;Criptomeria (Cedro del Japón);Cryptomeria japonica;Árbol Conífero Perenne;RIVADAVIA;RIVADAVIA, AV. - DOBLAS - ROSARIO - BEAUCHEF;Taxodiáceas;Cryptomeria;Exótico;102747;101279;-34.6177;-58.4333
50468;1;10;6;73;Bunya-bunya (Araucaria de Bidwill);Araucaria bidwillii;Árbol Conífero Perenne;RIVADAVIA;RIVADAVIA, AV. - DOBLAS - ROSARIO - BEAUCHEF;Araucariaceas;Araucaria;Exótico;102752;101162;-34.6188;-58.4333
50469;14;83;0;25;Palo borracho rosado;Ceiba speciosa;Árbol Latifoliado Caducifolio;RIVADAVIA;RIVADAVIA, AV. - DOBLAS - ROSARIO - BEAUCHEF;Bombacáceas;Ceiba;Nativo/Autóctono;102754;101178;-34.6186;-58.4333
50470;1;18;0;6;Ficus;Ficus benjamina;Árbol Latifoliado Perenne;RIVADAVIA;RIVADAVIA, AV. - DOBLAS - ROSARIO - BEAUCHEF;Moráceas;Ficus;Exótico;102757;101184;-34.6186;-58.4332
50471;45;40;0;45;Casuarina;Casuarina cunninghamiana;Árbol Latifoliado Perenne;RIVADAVIA;RIVADAVIA, AV. - DOBLAS - ROSARIO - BEAUCHEF;Casuarinaceas;Casuarina;Exótico;102661;101286;-34.6177;-58.4343
50472;3;3;10;79;Magnolia;Magnolia grandiflora;Árbol Latifoliado Perenne;RIVADAVIA;RIVADAVIA, AV. - DOBLAS - ROSARIO - BEAUCHEF;Magnoliáceas;Magnolia;Exótico;102755;101219;-34.6183;-58.4333
50473;2;9;5;9;Ligustro;Ligustrum lucidum;Árbol Latifoliado Perenne;RIVADAVIA;RIVADAVIA, AV. - DOBLAS - ROSARIO - BEAUCHEF;Oleáceas;Ligustrum;Exótico;102739;101216;-34.6183;-58.4334
50474;5;6;0;79;Magnolia;Magnolia grandiflora;Árbol Latifoliado Perenne;RIVADAVIA;RIVADAVIA, AV. - DOBLAS - ROSARIO - BEAUCHEF;Magnoliáceas;Magnolia;Exótico;102781;101223;-34.6182;-58.433
50475;11;30;0;14;Álamo plateado;Populus alba;Árbol Latifoliado Caducifolio;RIVADAVIA;RIVADAVIA, AV. - DOBLAS - ROSARIO - BEAUCHEF;Salicáceas;Populus;Exótico;102671;101165;-34.6188;-58.4342
50476;2;3;0;79;Magnolia;Magnolia grandiflora;Árbol Latifoliado Perenne;RIVADAVIA;RIVADAVIA, AV. - DOBLAS - ROSARIO - BEAUCHEF;Magnoliáceas;Magnolia;Exótico;102652;101185;-34.6186;-58.4344
50477;13;45;0;79;Magnolia;Magnolia grandiflora;Árbol Latifoliado Perenne;RIVADAVIA;RIVADAVIA, AV. - DOBLAS - ROSARIO - BEAUCHEF;Magnoliáceas;Magnolia;Exótico;102698;101198;-34.6185;-58.4339
50478;2;5;0;79;Magnolia;Magnolia grandiflora;Árbol Latifoliado Perenne;RIVADAVIA;RIVADAVIA, AV. - DOBLAS - ROSARIO - BEAUCHEF;Magnoliáceas;Magnolia;Exótico;102708;101202;-34.6184;-58.4338
50479;13;93;0;79;Magnolia;Magnolia grandiflora;Árbol Latifoliado Perenne;RIVADAVIA;RIVADAVIA, AV. - DOBLAS - ROSARIO - BEAUCHEF;Magnoliáceas;Magnolia;Exótico;102724;101206;-34.6184;-58.4336
50480;9;15;10;29;Mimosa (Aromo francés);Acacia dealbata;Árbol Latifoliado Perenne;RIVADAVIA;RIVADAVIA, AV. - DOBLAS - ROSARIO - BEAUCHEF;Leguminosas;Acacia;Exótico;102696;101186;-34.6186;-58.4339
50481;18;65;0;9;Ligustro;Ligustrum lucidum;Árbol Latifoliado Perenne;RIVADAVIA;RIVADAVIA, AV. - DOBLAS - ROSARIO - BEAUCHEF;Oleáceas;Ligustrum;Exótico;102683;101179;-34.6186;-58.434
50482;8;30;10;65;Ombú;Phytolacca dioica;Árbol Latifoliado Caducifolio;RIVADAVIA;RIVADAVIA, AV. - DOBLAS - ROSARIO - BEAUCHEF;Fitolacáceas;Phytolacca;Nativo/Autóctono;102680;101284;-34.6177;-58.4341
50483;14;45;0;4;Tilo;Tilia viridis subsp. x moltkei;Árbol Latifoliado Caducifolio;RIVADAVIA;RIVADAVIA, AV. - DOBLAS - ROSARIO - BEAUCHEF;Tiliaceas;Tilia;Exótico;102718;101269;-34.6178;-58.4337
50484;8;26;0;151;Cotoneaster;Cotoneaster glaucophyllus var. Serotinus;Arbusto o Herbacea;RIVADAVIA;RIVADAVIA, AV. - DOBLAS - ROSARIO - BEAUCHEF;Rosáceas;Cotoneaster;Exótico;102727;101287;-34.6177;-58.4336
50485;5;9;0;78;Ciprés calvo;Taxodium distichum;Árbol Conífero Caducifolio;RIVADAVIA;RIVADAVIA, AV. - DOBLAS - ROSARIO - BEAUCHEF;Taxodiáceas;Taxodium;Exótico;102750;101214;-34.6183;-58.4333
50486;1;2;0;43;Pata de vaca  (Pezuña de vaca);Bauhinia forticata;Árbol Latifoliado Caducifolio;RIVADAVIA;RIVADAVIA, AV. - DOBLAS - ROSARIO - BEAUCHEF;Leguminosas;Bauhinia;Nativo/Autóctono;102618;101279;-34.6177;-58.4348
50487;15;43;6;79;Magnolia;Magnolia grandiflora;Árbol Latifoliado Perenne;RIVADAVIA;RIVADAVIA, AV. - DOBLAS - ROSARIO - BEAUCHEF;Magnoliáceas;Magnolia;Exótico;102832;101314;-34.6174;-58.4324
51343;8;30;5;29;Mimosa (Aromo francés);Acacia dealbata;Árbol Latifoliado Perenne;RIVADAVIA;RIVADAVIA, AV. - DOBLAS - ROSARIO - BEAUCHEF;Leguminosas;Acacia;Exótico;102772;101224;-34.6182;-58.4331
51344;10;78;0;79;Magnolia;Magnolia grandiflora;Árbol Latifoliado Perenne;RIVADAVIA;RIVADAVIA, AV. - DOBLAS - ROSARIO - BEAUCHEF;Magnoliáceas;Magnolia;Exótico;102781;101226;-34.6182;-58.433
51345;4;25;30;183;Rosa de Siria;Hibiscus syriacus;Arbusto o Herbacea;RIVADAVIA;RIVADAVIA, AV. - DOBLAS - ROSARIO - BEAUCHEF;Malvácea;Hibiscus;Exótico;102780;101232;-34.6182;-58.433
51351;8;9;0;79;Magnolia;Magnolia grandiflora;Árbol Latifoliado Perenne;RIVADAVIA;RIVADAVIA, AV. - DOBLAS - ROSARIO - BEAUCHEF;Magnoliáceas;Magnolia;Exótico;102714;101208;-34.6184;-58.4337
51352;11;17;3;39;Lapacho amarillo;Tabebuia chrysotricha;Árbol Latifoliado Caducifolio;RIVADAVIA;RIVADAVIA, AV. - DOBLAS - ROSARIO - BEAUCHEF;Bignoniáceas;Tabebuia;Nativo/Autóctono;102691;101233;-34.6182;-58.434
51353;11;23;0;39;Lapacho amarillo;Tabebuia chrysotricha;Árbol Latifoliado Caducifolio;RIVADAVIA;RIVADAVIA, AV. - DOBLAS - ROSARIO - BEAUCHEF;Bignoniáceas;Tabebuia;Nativo/Autóctono;102670;101217;-34.6183;-58.4342
51354;10;19;2;38;Lapacho rosado;Tabebuia impetiginosa;Árbol Latifoliado Caducifolio;RIVADAVIA;RIVADAVIA, AV. - DOBLAS - ROSARIO - BEAUCHEF;Bignoniáceas;Tabebuia;Nativo/Autóctono;102660;101204;-34.6184;-58.4343
51355;10;38;0;9;Ligustro;Ligustrum lucidum;Árbol Latifoliado Perenne;RIVADAVIA;RIVADAVIA, AV. - DOBLAS - ROSARIO - BEAUCHEF;Oleáceas;Ligustrum;Exótico;102668;101278;-34.6177;-58.4342
51356;15;52;15;9;Ligustro;Ligustrum lucidum;Árbol Latifoliado Perenne;RIVADAVIA;RIVADAVIA, AV. - DOBLAS - ROSARIO - BEAUCHEF;Oleáceas;Ligustrum;Exótico;102690;101274;-34.6178;-58.434
51387;14;25;0;14;Álamo plateado;Populus alba;Árbol Latifoliado Caducifolio;RIVADAVIA;RIVADAVIA, AV. - DOBLAS - ROSARIO - BEAUCHEF;Salicáceas;Populus;Exótico;102637;101191;-34.6185;-58.4345
51388;17;40;0;14;Álamo plateado;Populus alba;Árbol Latifoliado Caducifolio;RIVADAVIA;RIVADAVIA, AV. - DOBLAS - ROSARIO - BEAUCHEF;Salicáceas;Populus;Exótico;102627;101205;-34.6184;-58.4347
51389;15;60;0;225;Encina;Quercus ilex;Árbol Latifoliado Perenne;RIVADAVIA;RIVADAVIA, AV. - DOBLAS - ROSARIO - BEAUCHEF;Fagáceas;Quercus;Exótico;102619;101224;-34.6182;-58.4347
51390;14;75;0;43;Pata de vaca  (Pezuña de vaca);Bauhinia forticata;Árbol Latifoliado Caducifolio;RIVADAVIA;RIVADAVIA, AV. - DOBLAS - ROSARIO - BEAUCHEF;Leguminosas;Bauhinia;Nativo/Autóctono;102648;101188;-34.6186;-58.4344
